source,url,date,title,text,kind,is_expert_reply,relevance_guess
help_community,https://support.google.com/photos/thread/191679571?hl=en,2024-01-28,Changing how Google Photos estimates missing photo locations,"Hi everyone, Google Photos can help you find, explore and look back on your photos and videos by their location, such as a city you visited on a recent trip. Your photos may have locations if you have your camera location settings turned on, or if you manually add a location. Previously, if some of your photos didn’t already have a location, Google Photos could estimate the location using information, such as visible landmarks in those photos and Location History , an opt-in Google account setting that saves where you go with your devices so you can enjoy personalized maps, recommendations and more. What’s changing: Google Photos has stopped using information from Location History to estimate locations for new photos and videos. Google Photos can still estimate locations using inputs such as visible landmarks and you’ll still be able to turn this “estimate missing locations” setting on or off in Photos at any time. Starting today, and rolling out gradually over the next few months, you may see a prompt when you open Google Photos that gives you the option to keep or delete your existing estimated locations. You’re in control: You will be able to choose to keep your existing estimated locations by signing into Google Photos and tapping “Keep” when prompted. If you don't choose to keep your estimated locations before May 1st, 2023, we will remove these estimations.  Rest assured, your photos will not be deleted. If you want to make changes to your location settings in Google Photos, you have the control to make edits and manage location sources at any time. If you want to change your camera location settings, you can adjust your preferences in your device settings. This change impacts your estimated locations in Google Photos and does not impact your Location History, which is a separate opt-in feature. Going forward, if you want to delete estimated locations from your photos, you can only do that in Google Photos. If you want to delete locations from your Location History, you may continue to do that within your Location History settings . Be on the lookout for the prompt to keep or delete your existing estimated locations. Thanks, Google Photos Team",question,false,yes
help_community,https://support.google.com/photos/thread/385973094?hl=en,2026-01-11,No more Exact Text functionality whatsoever.,Cannot search photos by exact text even with quotation marks since new Ask Photos update. Useless now and will be moving to iCloud,question,false,yes
help_community,https://support.google.com/photos/thread/322707076?hl=en,2025-04-11,AI Assisted search is not working on desktop,"It used to be that in the search bar I could type in words describing something like say ""cooling fan"" and after a moment it would presumably use AI to show me all the results that it thought would have a cooling fan pictured in it. That has recently stopped working on Desktop and Mobile, but I am primarily using a Desktop to access my library.",question,false,yes
help_community,https://support.google.com/photos/thread/296586739?hl=en,2024-11-16,Search function not working,"I used to be able to search my photos with a word eg ""horse "" but this no longer works.  I've emptied my cache but this has had no effect.  It doesn't work on my android phone or tablet. Does anyone know how to fix this please?",question,false,yes
help_community,https://support.google.com/photos/thread/396711774?hl=en,2026-02-26,Use faces shortcuts to search photos,"Hey everyone, Great news! We heard your feedback about wanting an easier way to find photos and videos of the important people in your life in Google Photos. Now, we’re adding shortcuts to your face groups into classic search and Ask Photos on Android, iPhone, and iPad. With this update, you can locate your top face groups and find the photos that you’re looking for more easily. You can only see faces shortcuts when the Face Groups feature is on. Learn how to turn Face Groups on . In the “Search” or “Ask” tab: To go to the page of one of your top people or pets: Tap on their face. To find pages of other people or pets: Tap More (3 dots) . Learn more about search in Google Photos . Thanks, Google Photos Team",question,false,yes
help_community,https://support.google.com/photos/thread/262222811?hl=en,2024-05-09,When I go to the search feature and it says âpets and peopleâ it doesnât show all my people,"When I go to the search feature and it says âpets and peopleâ it doesnât show all my people anymore for me to search for specific friends. When I click on âview allâ while in search letâs and people  itâs just black, nothing loads anymore.",question,false,yes
help_community,https://support.google.com/photos/thread/366550420?hl=en,2025-10-25,New ways to find out if Photos are edited with AI,"Hey everyone, We’re excited to share a helpful new section under the info panel called “How this was made.” This feature gives you a transparent look at a photo’s journey from its original capture to any edits applied along the way. With growing concerns around image authenticity, Google Photos have taken a big step forward to implement and support the Coalition for Content Provenance and Authenticity (C2PA) standard. The “How this was made” section in the photo details is powered by C2PA metadata which means: You can now find the detailed information about how an image was created or edited. You can now trace whether it was generated, enhanced, or manipulated with AI tools. The data is securely embedded in the file and can be verified by anyone. With AI-generated images becoming more common, transparency is key. But it’s important to note that C2PA doesn’t determine if content is trustworthy. It simply shows you how your image was captured, created or edited. You’ll still need to apply your own judgement and media literacy skills to decide what to believe, especially when dealing with manipulated or AI-generated visuals. Learn how Content Credentials reveal helpful information that’s usually hidden . Let us know what you think, and as always, keep the feedback coming. Your input helps improve transparency tools and ensures AI-powered features work better for everyone. Learn how Google Photos helps you identify how photos were made . Thanks, Google Photos Team",question,false,yes
help_community,https://support.google.com/photos/thread/296266408?hl=en,2024-11-14,Google photos search not working,"When I try to search an object in Google photos, there's just a rotating circle like it's busy and it finds nothing. If I delete the app and reinstall it it works just fine for about a day and then stops again",question,false,yes
help_community,https://support.google.com/photos/thread/462101772/no-export-frome-option?hl=en,2026-09-18,No export frome option?,Did Google photos get rid of the extract frame option? The last update made it more difficult. Now I can't find it at all. Does anyone know good alternatives to Google photos for Android that has this option?,question,false,yes
help_community,https://support.google.com/photos/thread/469027128/how-to-switch-from-standard-to-basic-storage-plan?hl=en,2026-09-21,how to switch from standard to basic storage plan,how to switch from standard to basic storage plan,question,false,yes
help_community,https://support.google.com/photos/thread/467021302/make-google-photos-the-default-app-and-lose-gallery-forever-even-as-a-back-up-i-uninstalled-iaccount?hl=en,2026-09-14,Make Google photos the default app and lose gallery forever even as a back up I uninstalled iaccount,Make Google photos the default app and lose gallery forever even as a back up I uninstalled iaccount,question,false,yes
help_community,https://support.google.com/photos/thread/468369809/three-finger-screenshot?hl=en,2026-09-18,Three finger screenshot,I've always used three fingers on the screen to take a screenshot. Doesn't work any more. Any ideas please ?,question,false,yes
help_community,https://support.google.com/photos/thread/440699678/i-want-the-photos-that-i-take-to-go-straight-to-my-google-photos-and-not-in-my-camera-roll?hl=en,2026-08-21,I want the photos that i take to go straight to my google photos and not in my camera roll,iâve backed up all my photos to google photos and went in the setting for my camera roll/photos and google photos and i couldnât find anything that says what im looking for,question,false,yes
help_community,https://support.google.com/photos/thread/438332433/verplaatst-naar-prullenbak-melding-blijft-wel-heel-lang-in-beeld-erg-frustrerend-nd?hl=en,2026-08-12,"""verplaatst naar prullenbak"" melding blijft wel heel lang in beeld! Erg frustrerend!!nd",De melding staat wel heel erg lang in beeld! Vervelend!!,question,false,yes
help_community,https://support.google.com/photos/thread/460737494/photos-information-box?hl=en,2026-08-21,Photos information box,"This is so dumb, can't read what's behind the dialogue dox why even put it there.",question,false,yes
help_community,https://support.google.com/photos/thread/468711011/any-other-guys-get-the-same-photo?hl=en,2026-09-21,Any other guys get the same photo,Any other guys get the same photo,question,false,yes
help_community,https://support.google.com/photos/thread/465357976/i-want-to-open-the-google-photos-app-and-it-automatically-go-to-the-collections-screen?hl=en,2026-09-06,I want to open the Google photos app and it automatically go to the collections screen,When photos updated last when I open the app it opens on the photos page and I just want to know if there is a way to change it so that when you open the app it opens on the collections page,question,false,yes
help_community,https://support.google.com/photos/thread/466076464/upload-to-instagram-from-a-google-photos-album?hl=en,2026-09-17,Upload to Instagram from a Google photos album,"I created an album in Google Photos. I cannot view that album on Instagram. Nor can I share that album to Instagram from Google photos. Nor can I use Google photos to place these in a folder, which is what gallery and Instagram both use for organization. Someone posted this question and was told to install Google gallery, that conversation is now locked as though that solved it. Upon installing your additional app, I'm given access to the view the same folders and such as are seen when I hit upload on Instagram. I cannot see my albums from photos, let alone easily upload them. Google gallery does not solve this problem for me at all.",question,false,yes
help_community,https://support.google.com/photos/thread/462934606/locked-folder-missing-in-google-photos-on-oppo-find-x9-ultra-android16?hl=en,2026-09-05,Locked Folder missing in Google Photos on OPPO Find X9 Ultra Android16,"For about two months, the Locked Folder feature has not been working properly on my phone. The option to move photos to Locked Folder has disappeared, and the Locked Folder itself no longer appears in the Android app, including under Collections. However, everything works correctly on the web at photos.google.com. The folder is there and my photos are safe. I have already confirmed the same Google account, cleared the app cache, force-stopped the app, restarted the phone, and checked for updates. The issue persists only on the Android app. Please let me know if this is a known bug and how I can restore access to Locked Folder on my phone. Thank you.",question,false,yes
help_community,https://support.google.com/photos/thread/457559070/find-duplicate-photos-and-videos-in-google-photos?hl=en,2026-08-13,Find duplicate photos and videos in google photos,Duplicate photos,question,false,yes
help_community,https://support.google.com/photos/thread/468421914/photos-storage-keeps-increasing-despite-not-taking-new-photos-or-videos?hl=en,2026-09-19,Photos storage keeps increasing despite not taking new photos or videos,"Over the past month or so my storage has shot up. It went from 86% full to 97% full almost overnight. I continue to delete photos and videos and the storage used keeps going up anyway, even after emptying trash. I took a screenshot of my storage to see if it's going up on its own, and it is. The screenshots are taken just a couple days apart showing an increase of 0.39 GB use. Not only have I not taken new videos or photos, but I've been going through and deleting them. It seems like Google is making up whatever storage amounts it wants so it can charge us for more storage. It also won't let me compress my images, and when I try to change it to make my photos save in storage saver resolution, it never actually saves those choice and continues to save them at full resolution.",question,false,yes
help_community,https://support.google.com/photos/thread/439027193/saving-photos-under-a-different-google-account?hl=en,2026-08-14,Saving photos under a different Google account,"I have 2 Google accounts. The earlier one has only 15Gb of data which is almost full of photos from my Android phone. The newer one is a business account, with 30Gb (I think?) of data which is empty. I don't know how or why my phone became linked to the old account, but I would like to link it, and the 15Gb of photos, to the business account. I cannot find any advice as to how to do this in the ""Help"" information. My husband has Google One with 100Gb of data, and I believe I may be able to use that for my photos (maybe by setting up a Family Group?), but again the Help facility has not been much help. Any advice appreciated",question,false,yes
help_community,https://support.google.com/photos/thread/468390153/ai-image-recognition?hl=en,2026-09-18,AI image recognition,"I don't know what the 'shimmery line ' around parts of my photos is.  It's as if the app is looking athe photos to identify the subject. So sorry I just don't know what this feature is, and whether I am able to turn it off.",question,false,yes
help_community,https://support.google.com/photos/thread/464890886/why-i-don-t-have-the-wordrobe-feature-in-my-google-photos?hl=en,2026-09-11,Why I don't have the wordrobe feature in my Google photos?,"In my Google photos I don't have the wordrobe feature in my phone, my device is moto edge 50 fusion, but most of the people are getting this feature already, please help me with this problem",question,false,yes
help_community,https://support.google.com/photos/thread/439013855/photo-of-wapsi-chahie?hl=en,2026-08-14,Photo of wapsi chahie,Delete kiye hue photo,question,false,yes
help_community,https://support.google.com/photos/thread/468368117/recently-permanent-delete-photo-and-video-please-restore?hl=en,2026-09-20,Recently permanent delete photo and video please restore,Recently permanent delete photo and video please restore,question,false,yes
help_community,https://support.google.com/photos/thread/468951162/people-pets-groups-disappeared?hl=en,2026-09-21,People & Pets groups disappeared,"Face Groups is ON, but no faces are showing. My old photos are still there. Please help restore the face groups.",question,false,yes
help_community,https://support.google.com/photos/thread/439897683/all-the-photos-are-not-being-shown-on-the-home-page?hl=en,2026-08-20,All the photos are not being shown on the home page,"All the pictures and videos are just shown on the time line as highlights and not in the home page of google photos, what do I do?",question,false,yes
help_community,https://support.google.com/photos/thread/230072717?hl=en,2023-10-17,My photo album isn't showing up when I search for it in the Google Photos search bar,"I created an album of photos 2 days ago. When I try to search the name of it in the search bar, it doesn't show up",question,false,yes
help_community,https://support.google.com/photos/thread/468570810/need-previous-data?hl=en,2026-09-19,Need Previous data,I never on my backup now I need deleted photos how can I recover them,question,false,yes
help_community,https://support.google.com/photos/thread/452146449/please-let-us-have-a-uniform-gallery-again?hl=en,2026-07-25,Please let us have a uniform gallery again.,I hate that the gallery view on my phone now randomly selects photos and videos to show as massive (x6 a regular thumbnail). Why can't we just have at least an option to have all uniform thumbnails in our gallery.,question,false,yes
help_community,https://support.google.com/photos/thread/468315635/how-to-recover-deleted-photos?hl=en,2026-09-18,How to recover deleted photos,Hello I want restore delete photos,question,false,yes
help_community,https://support.google.com/photos/thread/460544044/don-t-include-snapchat-photos-in-camera-photos-make-a-separate-folder-for-snapchat-photos?hl=en,2026-08-26,"Don't include snapchat photos in camera photos ,make a separate folder for snapchat photos","What I am saying is , in the camera folder snapchat pics are showing, make a separate folder for the snapchat photos",question,false,yes
help_community,https://support.google.com/photos/thread/463304824/pic-is-not-added-to-persons-face-folders?hl=en,2026-09-05,Pic is not added to persons face folders,Pic is not added to faces of persons,question,false,yes
help_community,https://support.google.com/photos/thread/447888622/photos-saves-screenshots-out-of-order?hl=en,2026-09-14,photos saves screenshots out of order,"I think I've asked about this before. Google Photos has a habit of saving rapid acreenshots out of order. Also, some edited screenshots do not show up NEXT to the original but skip over to show up after the following picture. The only way to put them in the right order seems to be to change the time stamps. Also Photos completely reorders my screenshots backwards when I change the time stamps from one day (say, after midnight) to another (prior to midnight). All photos with the same time stamp do not appear in the original order. Again the only way to fix this seems to be to change the time stamps to other times.",question,false,yes
help_community,https://support.google.com/photos/thread/453492261/how-to-separate-two-dogs-that-look-alike-in-photos?hl=en,2026-07-29,How to separate two dogs that look alike in photos,I have two German Shepherds that look alike and I want the photos to go through and separate them they're mixed together how do I do that,question,false,yes
help_community,https://support.google.com/photos/thread/440564531/why-google-photos-album-names-are-whole-uppercase-it-takes-too-much-space?hl=en,2026-08-22,Why Google Photos Album names are whole Uppercase? It takes too much space.,Why Google Photos Album names are whole Uppercase? It takes too much space. Longer names are not visible in portrait mode on mobile phone.,question,false,yes
help_community,https://support.google.com/photos/thread/469003572/my-deleted-photos-back?hl=en,2026-09-21,My deleted photos back,My documents delete my gallery photo suddenly my suddenly mujhe mere document chahie the to vah gallery mein the aur vah delete ho gaye mujhe mere document chahie,question,false,yes
help_community,https://support.google.com/photos/thread/468917948/failing-to-search-the-photos-and-videos-in-google-photos?hl=en,2026-09-21,failing to search the photos and videos in google photos,failing to search the photos and videos in google photos,question,false,yes
help_community,https://support.google.com/photos/thread/468760507/image-link-can-t-be-accessed?hl=en,2026-09-20,Image link can't be accessed.,"I copied the image address by selecting the image (while in google photos) by right clicking and selecting ""copy image address"". I pasted the image address to a spreadsheet which was/is shared with a friend. He is unable to access the photo with the link.",question,false,yes
help_community,https://support.google.com/photos/thread/456979632/can-t-view-pics-clicked-through-my-phone-camera?hl=en,2026-08-10,Can't view pics clicked through my phone camera,I am using the same phone since the last 4 years however since yesterday I am not able to view the pics clicked through my camera phone. It is visible in the overall pics but I want the folder or camera section separate as I have clicked a lot of pics with my daughter and I want a seperate folder all the time of all the pics clicked over the years,question,false,yes
help_community,https://support.google.com/photos/thread/444741113/more-like-this?hl=en,2026-09-04,More like this,"I wish that Google photos provide an option like if I am viewing any photo (like there is a photo of gate) ,there should be an option more like this and all related or similar photos I can view. Eg. If I have multiple photos of my gate , clicked in different year of month, i would be able to see another gates photos) videos by an option. More like this. Currently I have to search. Thanks",question,false,yes
help_community,https://support.google.com/photos/thread/467039263/https-photos-google-com-is-not-working?hl=en,2026-09-20,https://photos.google.com/ is not working,"https://photos.google.com/ is not working please guide me how to check, as all my date is availbel here",question,false,yes
help_community,https://support.google.com/photos/thread/441851306/restore-deleted-videos-from-trash?hl=en,2026-08-25,Restore deleted videos from trash,I wont to restore my video as soon as possible Thank you..,question,false,yes
help_community,https://support.google.com/photos/thread/467677778/magic-eraser-not-working?hl=en,2026-09-16,Magic eraser not working,"My magic eraser is not working whenever I try to erase something it is just stuck in loading , after trying on several photos the problem is same. And my mobile is just 2 month old .",question,false,yes
help_community,https://support.google.com/photos/thread/468759763/i-want-to-get-back-my-permentantly-deleted-data-from-recycle-bin?hl=en,2026-09-20,I want to get back my permentantly deleted data from recycle bin,Hi google team I want to get back my permentantly deleted data from recycle bin,question,false,yes
help_community,https://support.google.com/photos/thread/468448353/recovery-deleted-photos-from-trash?hl=en,2026-09-19,Recovery deleted photos from trash,I want to restore my deleted photos & videos from trash history Kindly recover my dataz as soon as possible..,question,false,yes
help_community,https://support.google.com/photos/thread/469005512/i-want-photo-to-download?hl=en,2026-09-21,I want photo to download,I want photo to download,question,false,yes
help_community,https://support.google.com/photos/thread/460558139/missing-photos?hl=en,2026-08-26,Missing photos,Why are some of my photos missing from Google Photos even though they are still on my phone?,question,false,yes
help_community,https://support.google.com/photos/thread/466923518/where-did-my-photo-go-when-i-unarchived-it?hl=en,2026-09-20,Where did my photo go when I unarchived it,Where did my photo go when I unarchived it,question,false,yes
help_community,https://support.google.com/photos/thread/448395801/why-is-my-picture-all-bent?hl=en,2026-09-15,Why is my picture all bent,If I take a photo straight the result will show bent,question,false,yes
help_community,https://support.google.com/photos/thread/468680808/restore-deleted-photos-from-trash?hl=en,2026-09-20,Restore deleted photos from trash,I want to restore my deleted photos & videos from trash history Kindly recover my dataz as soon as possible...,question,false,yes
help_community,https://support.google.com/photos/thread/468562843/i-want-to-restore-my-deleted-photos-and-videos-from-trash-history?hl=en,2026-09-19,I want to restore my deleted photos and videos from trash history,Kindly recover my dataz as soon as possible,question,false,yes
help_community,https://support.google.com/photos/thread/449267137/multiple-groups-of-my?hl=en,2026-09-18,Multiple groups of my,My photos showing my photos in multiple groups of mine app create 4 groups of my photos and they all have different photos why ? In screenshot i have captured all my group with different photos of mine and i have many problems with that they cant just make one group of my photos where i can see all my photos,question,false,yes
help_community,https://support.google.com/photos/thread/458804666/how-can-i-download-my-google-photos-to-my-computer-not-the-link-the-photos?hl=en,2026-08-20,How can I download my Google photos to my computer (not the link) the photos?,How do I download phots from the photo.google.com site?,question,false,yes
help_community,https://support.google.com/photos/thread/273777?hl=en,2020-09-30,What search syntax allows searches for multiple faces but no others (ie John & Jane and no others),"I am able to find multiple faces by using syntax ""name1 and name2"" but do not know how to exclude pictures that include more than the two names searched.",question,false,yes
help_community,https://support.google.com/photos/thread/449731502/doesn-t-sort-by-date?hl=en,2026-09-18,Doesn't sort by date,"I'm assuming there was an update because before all of my photos would show in individual groups by date, displaying the date above the group, now they are in giant clumps by month. How do I put it back? Thank you.",question,false,yes
help_community,https://support.google.com/photos/thread/453451065/how-to-undo-recent-photo-organiser-change?hl=en,2026-07-29,How to undo recent photo organiser change,"I want the old layout back in my photo app, I hate the new apple style.  How can I rearrange?  I have tried going into the photo settings and have changed preferences to no avail.  Help, it is now way to busy and one of the best parts of photos has gone ð",question,false,yes
help_community,https://support.google.com/photos/thread/447218894/i-would-like-to-suggest-a-feature-that?hl=en,2026-09-12,I would like to suggest a feature that,"Dear Google Photos Team, I would like to suggest a feature that I believe would greatly improve user privacy: the option to require a password or biometric authentication (such as Face ID or fingerprint) before opening Google Photos. Currently, if a device is already signed in to a Google account, anyone who gains access to that device can open Google Photos and browse all of the userâs pictures without any additional verification. While the Locked Folder is a useful feature, it only protects selected photos. Many users would appreciate the ability to protect the entire Google Photos app with an extra layer of security. I am making this suggestion because I recently had a very upsetting experience. Someone entered my room without my permission, used my computer while my Google account was already signed in, and opened my Google Photos to look through my personal pictures. It felt like a serious invasion of my privacy. Even though my Google account is protected by a password, once the account is already logged in, there is no additional protection for Google Photos itself. I hope Google will consider adding the following options: Require a password before opening Google Photos. Support biometric authentication, such as Face ID or fingerprint recognition. Allow users to enable or disable this feature based on their own preferences. Our photos contain personal memories, family moments, and private information. Adding an optional app lock would give users greater control over their privacy and make Google Photos even more secure. Thank you for taking the time to read my suggestion. I sincerely hope you will consider implementing this feature in a future update.",question,false,yes
help_community,https://support.google.com/photos/thread/444813491/i-want-to-recovery-my-delete-trash?hl=en,2026-08-27,I want to recovery my delete trash,Hi team google team I want to recovery my delete trash as soon as possible Thanks and reguard,question,false,yes
help_community,https://support.google.com/photos/thread/457086055/why-others-photos-has-been-credited-in-my-photos?hl=en,2026-08-11,Why others photos has been credited in my photos,Please stop this thing and I know that somebody has been using my photos or some soam please se it dear sir,question,false,yes
help_community,https://support.google.com/photos/thread/465324666/my-photos-aren-t-showing-up?hl=en,2026-09-13,my photos aren't showing up,"basically I got a new phone and transferred all of my info, while I have all of my photos in general, when I go to collections only the newer ones are there",question,false,yes
help_community,https://support.google.com/photos/thread/445713167/how-to-rearrange-the-list-of-faces-in-the-people-and-pets-section-rather-than-just-the-show-less-or?hl=en,2026-09-07,How to rearrange the list of faces in the people and pets section rather than just the show less or,I don't understand how you can't just long press a face and rearrange it like an icon on your home screen,question,false,yes
help_community,https://support.google.com/photos/thread/468372803/i-want-photos-and-videos-recovery-in-recycle-bin?hl=en,2026-09-18,I want photos and videos recovery in recycle bin,Hi google  I want photos and videos recovery in recycle bin,question,false,yes
help_community,https://support.google.com/photos/thread/462620229/click-to-website-on-screenshot-i-need-help-with-the-moto-g?hl=en,2026-09-03,Click to website on screenshot. I need help with the Moto g.,Everytime I take a screenshot on the Moto G. When I click on that picture the web link does not show up like on my Samsung note. I need help with this phone?,question,false,yes
help_community,https://support.google.com/photos/thread/443954329/google-photos-stops-showing-any-new-photos-after-april-24?hl=en,2026-08-26,google photos stops showing any new photos after APRIL 24,i have tried everything,question,false,yes
help_community,https://support.google.com/photos/thread/440678347/i-have-an-epson-xp-8600-printer-and-i-need-to-know-how-to-change-the-size-of-the-paper-isoa4-to-4x6?hl=en,2026-08-21,I have an Epson XP 8600 printer and I need to know how to change the size of the paper ISOA4 to 4x6,I have an Epson printer XP8600 and I need to change the paper size from ISOA4 to 4x6 cms,question,false,yes
help_community,https://support.google.com/photos/thread/465624739/photos-keeps-adding-random-folders?hl=en,2026-09-08,Photos keeps adding random folders,"Google photos keeps adding random folders to the ""collections"" section that is just random images from game apps and things like album art from music apps. I do not use photo backups and I do not intend to use .nomedia folders because I want the apps that are ACTUALLY SUPPOSED to have those images in them to still be able to access them. How can I get the photos app permissions removed from those folders, or alternatively get the folders to stop showing in the app WITHOUT having to delete/rename the image files or move them to different folders (which would again break the functionality of the original apps that they are there for in the first place.)",question,false,yes
help_community,https://support.google.com/photos/thread/437974563/album-name-fonts?hl=en,2026-08-02,Album name fonts,Horrified today to open up an album and the font of the title has changed to some awful childish script. Please let me know how I can change this back.,question,false,yes
help_community,https://support.google.com/photos/thread/455286738/can-t-select-multiple-pictures-by-dragging-the-finger-anymore?hl=en,2026-07-29,Can't select multiple pictures by dragging the finger anymore,I suddenly can't select multiple images anymore? I have to tap one image at a time,question,false,yes
help_community,https://support.google.com/photos/thread/468463275/can-t-locked-folder?hl=en,2026-09-19,Can't locked folder,I am trying to send up floder in Google photos,question,false,yes
help_community,https://support.google.com/photos/thread/468729600/lost-photos-from-about-40-older-albums?hl=en,2026-09-20,Lost photos from about 40 older albums,"Hello, the photos from about 40 older albums have disappeared from Google Photos. Iâve still got photos in albums that are no more than two years old. Where have they gone? Is there any chance I can get them back? I definitely didnât delete the photos. Given that I suddenly have much more storage space available, Google must have deleted them â they havenât just been moved somewhere else. But why?",question,false,yes
help_community,https://support.google.com/photos/thread/468612475/hello-i-accidentally-deleted-my-photos-and-videos-please-help-me-recover-them-thank-you?hl=en,2026-09-19,"Hello, I accidentally deleted my photos and videos. Please help me recover them. Thank you!","Hello Google Photos Community, Iâm looking for help recovering some photos and videos that I accidentally deleted from my Google Photos account. The photos and videos are very important to me, and I would really appreciate any guidance on whether they can still be recovered. I have already checked the Trash/Bin, but Iâm not sure if there are any other recovery options available. Could you please let me know if there is a way to recover these deleted photos and videos, or if there are any steps I can follow to restore them? Thank you very much for your help and support. Best regards,",question,false,yes
help_community,https://support.google.com/photos/thread/458006657/sorting-file-types?hl=en,2026-08-15,sorting file types,"Look, the wording in this folder customization menu is complete ass. Right now, the default option is checked as ""Not customized (Show all)."" And then literally right under it, there is another option that just says ""Show all."" Why are there two buttons doing the exact same thing right next to each other? It is so backwards and confusing that I literally had to use Gemini AI just to decode what your app was trying to say. It makes zero sense. Instead of this messy layout, what you actually should do is give us a button or a toggle to specifically view ONLY that folder's file types or picture types (like Facetune) on its own separate screen, rather than just dumping everything into the main timeline grid. For the insane amount of money you guys pay people to design this app, they are doing a terrible job. At this point, you might as well just pay me to design it better because this current layout is annoying as hell. Please fix the clarity on this menu and make it make sense.",question,false,yes
help_community,https://support.google.com/photos/thread/468459128/hey-i-need-6-years-old-photos-that-i-backed-up-in-my-account-but-later-deleted-them-out-of-anger?hl=en,2026-09-19,Hey I need 6 years old photos that I backed up in my account but later deleted them out of anger.,I backed up those in this account but deleted them from app and trash in anger. Can someone help me find those? They were really important for me.,question,false,yes
help_community,https://support.google.com/photos/thread/468217057/photo-to-video-not-working-its-says-photo-to-video-not-working-try-again-later-i-ve-updated?hl=en,2026-09-18,Photo to video not working .  Its says photo to video not working try again later. I've updated.,"Photo to video says photo to video not working try again later . I've updated and tried multiple time's to get it to work, but nothing.",question,false,yes
help_community,https://support.google.com/photos/thread/468683232/i-want-to-recover-deleted-photos?hl=en,2026-09-20,I want to recover deleted photos,Hi team google photos I want recover deleted photos as soon as possible,question,false,yes
help_community,https://support.google.com/photos/thread/452416212/my-friend-sent-me-a-picture-of-her-and-her-niece-and-it-wasn-t-loading-it-was-just-black?hl=en,2026-07-26,my friend sent me a picture of her and her niece and it wasn't loading it was just black,picture won't load,question,false,yes
help_community,https://support.google.com/photos/thread/467840110/after-cropping-a-photo-it-won-t-appear-on-other-apps-for-hours?hl=en,2026-09-19,After cropping a photo it won't appear on other apps for hours,"After cropping a photo using the native Google photos cropping tool and tapping save, the photos do not appear in any other app's photo upload menu for hours (social, chat apps, or photo storage apps, for instance). Or, if they do appear, trying to upload them gives an error. This usually lasts until the next day. I can sometimes share one photo at a time directly from the Google photos ""share"" option but not multiple photos at once.",question,false,yes
help_community,https://support.google.com/photos/thread/468612600/to-receive-most-recent-photo-taken?hl=en,2026-09-19,to receive most recent photo taken,can't see photos taken few minutes ago,question,false,yes
help_community,https://support.google.com/photos/thread/454012758/uniform-grid-view?hl=en,2026-08-01,Uniform grid view,"Recently I have not been able to find the uniform grid view where all media is the same square size when fully zoomed out. The current situation where random photos or videos take up more space in the grid makes the app uglier and much harder to use. Many have complained about this; here are examples from a quick search about the issue: (1) https://www.reddit.com/r/googlephotos/s/ZQF7o0fFrr , (2) https://www.reddit.com/r/googlephotos/s/uYHYLxOtIC . I've already sent feedback to Google about the issue, whether it's a bug or bizarre design choice. I tried the ""show dates in grid"" options and they don't resolve the issue. Can someone please advise on a workaround in the meantime?",question,false,yes
help_community,https://support.google.com/photos/thread/456051821/can-t-multi-select-multiple-photos-when-you-drag-it-down?hl=en,2026-08-08,Can't multi select multiple photos when you drag it down,So when you hold on a photo and drag down it selects all the photos you drag over but when I do it now it's not doing anything at all,question,false,yes
help_community,https://support.google.com/photos/thread/450566195/please-recovery-my-delete-data-from-safe-folder?hl=en,2026-09-14,Please recovery my delete data from safe folder,Hi Google team please recover my delete data from safe folder,question,false,yes
help_community,https://support.google.com/photos/thread/437943339/recovery-my-photo-delete-accidentally-pls-help?hl=en,2026-08-10,Recovery my photo delete accidentally pls help,Description: I accidentally deleted some important photos from Google Photos bin/trash. The photos are no longer visible in the app. Backup was enabled. Please help me recover them if possible. Agar chaho toh mai tumhare liye exact English complaint bhi likh deta hoon jo tum direct paste kar sako.,question,false,yes
help_community,https://support.google.com/photos/thread/458249618/i-have-lost-data-on-photos-app-not-photos-itself-but-albums-people-etc?hl=en,2026-08-10,"I have lost data on photos app not photos itself but albums, people etc","I've been viewing one of the albums when the video stopped loading, so I existed, pressed exit several times possibly. Now I don't have ANY albums and people data are also missing. How could it happen that I could delete this data somehow or it's gone after the update? It's very upsetting, I had several albums accumulated within 10 years. How can I fix this and get my albums back? The photos in the cloud are still there.",question,false,yes
help_community,https://support.google.com/photos/thread/456576809/my-photos-and-videos-are-not-in-the-correct-chronological-order-it-s-mixedup?hl=en,2026-08-03,My photos and videos are not in the correct chronological order it's mixedup,It's not in the correct chronological order when I backed up,question,false,yes
help_community,https://support.google.com/photos/thread/448868450/raw-photos-are-primary-by-default-in-paired-photo-stacks?hl=en,2026-09-11,Raw photos are primary by default in paired photo stacks,"Newly taken pictures are defaulting the Raw photo as primary instead of the processed JPG. This is frustrating because I want the easy shareability of JPG, and this takes a long time to process previews. I've tried deleting the cache, then the storage of Google photos, but this didn't change the behavior at all.",question,false,yes
help_community,https://support.google.com/photos/thread/457889721/i%E2%80%99d-like-to-view-all-my-albums-collections-in-chronological-order?hl=en,2026-08-15,Iâd like to view all my albums/collections in chronological order,"I ask Google to show me all the albums created in 2026, for example. But I have to repeat the request each time I go back.",question,false,yes
help_community,https://support.google.com/photos/thread/467924904/i-want-to-recovery-my-photos-deleted-from-trash?hl=en,2026-09-18,I want to recovery my photos deleted from trash,Please recovery my photos as soon as possible Thanks..,question,false,yes
help_community,https://support.google.com/photos/thread/456563755/not-showing-all-people-photo-with-face-in-this-community?hl=en,2026-08-01,Not showing all people photo with face in this community,Not showing all pics on this community,question,false,yes
help_community,https://support.google.com/photos/thread/438317674/i-want-too-my-permanent-deleted-photo-data?hl=en,2026-08-12,I want too my Permanent deleted photo  data,Hi goggle team... I want to my parmanent deleted data please,question,false,yes
help_community,https://support.google.com/photos/thread/468331992/i-want-to-recover-my-photos-deleted-trust?hl=en,2026-09-18,I want to recover my photos deleted  trust,Please recover my photos as soon as possible Thanks,question,false,yes
help_community,https://support.google.com/photos/thread/442145386/i-made-my-some-video-s-private-then-when-i-unprivate-them-it-got-unordered-i-need-them-accordingly?hl=en,2026-08-20,I made my some video's private then when i unprivate them it got unordered i need them accordingly,"I made my videos private and when i unprivate them it got unordered, that is creating issue cause i have been using them to edit a video now they are in order so editing software is not finding them , how to make them i. Order?",question,false,yes
help_community,https://support.google.com/photos/thread/453621537/find-my-private-videos?hl=en,2026-07-22,Find my private videos,I lost my private album videos,question,false,yes
help_community,https://support.google.com/photos/thread/468491791/restore-deleted-screenshot-photos-from-trash?hl=en,2026-09-19,Restore deleted screenshot photos from trash,I want to restore my deleted screenshot photos from trash history Kindly recover my data,question,false,yes
help_community,https://support.google.com/photos/thread/465876341/in-magic-eraser-was-not-working-proper?hl=en,2026-09-15,In Magic Eraser Was Not Working Proper,In Google photos app Not Working Proper most of magic eraser,question,false,yes
help_community,https://support.google.com/photos/thread/468942715/sir-i-want-my-photos-by-mistake-i-have-deleted-from-bin-permenent?hl=en,2026-09-21,Sir I want my photos by mistake I have deleted from bin permenent,Recovery my photos,question,false,yes
help_community,https://support.google.com/photos/thread/464588433/album-to-have-sub-folder-groups-to-better-organizer-photos?hl=en,2026-09-10,Album to have sub folder/ groups to better organizer photos,"I noticed when I create an album under collection and dump all photos taken for let's say a wedding event which rinna for 3 to days with different many small events happening each day..so currently within an album I cannot  create photo groups based on mini events like for instance wedding begins with Mehendi, Haldi song and dance ritual, following day we will have another sacred ritual of worship gods, next comes invite bride and groom, then  Comes wedding and post wedding party. So will you build a feature to have there groups/ sub category within album so photos can be segregated",question,false,yes
help_community,https://support.google.com/photos/thread/468547348/i-need-to-restore-all-of-my-pictures-and-videos-from-trash?hl=en,2026-09-19,I need to restore all of my pictures and videos from trash.,I need to recover all of my deleted pictures and videos from trash because there are some important information I would like to recover. Please kindly help me. Sincerely.,question,false,yes
help_community,https://support.google.com/photos/thread/457234064/issue-with-moving-items-to-the-archive-and-locked-folder?hl=en,2026-08-07,Issue with moving items to the archive and locked folder,Anyone else having issues with moving photos to the archive and locked folder? I select the photos to move and it looks like it works and then it turns out it didn't work. Also does anyone find that backing up the photos takes forever?,question,false,yes
help_community,https://support.google.com/photos/thread/467249627/faces-not-recognised-now?hl=en,2026-09-21,Faces not recognised now,"Google photos used to group faces automatically but it has stopped a week ago. I have tried uninstalling, clear cache, battery usage changed.",question,false,yes
help_community,https://support.google.com/photos/thread/467028726/my-google-photos-dont-recognise-face?hl=en,2026-09-14,My google photos dont recognise face,My google photos don't recognise face,question,false,yes
help_community,https://support.google.com/photos/thread/468392355/cropped-photos-not-automatically-backing-up-after-save-without-phone-restart?hl=en,2026-09-18,Cropped photos not automatically backing up after save without phone restart.,"If I edit a photo to only crop it and save the cropped photo it does not back up automatically. The only options that work are to save as resultigy in two photos and no revert option, or I can restart my phone and get two copies of the cropped photo. This keeps me from selecting photos from my folder to share in other apps until I restart.",question,false,yes
help_community,https://support.google.com/photos/thread/466676148/please-recover-my-photo-please-important?hl=en,2026-09-18,please recover my photo please important,recycle bin deleted photo please recover my photo,question,false,yes
help_community,https://support.google.com/photos/thread/456564136/select-multiple-photos-not-working?hl=en,2026-08-01,Select multiple photos not working,"After Google photos updated, they no longer organize by date and I can't hold down on one photo and glide my finger to select others around it, I can only do one my one",question,false,yes
help_community,https://support.google.com/photos/thread/468706185/face-detection-not-working?hl=en,2026-09-20,Face detection not working,"Facial detection not working on anything. I have granted all permissions, backed up photos, turned off power saving but still nothing. I have tried the existing solutions including - https://support.google.com/photos/thread/273254616",question,false,yes
help_community,https://support.google.com/photos/thread/215098246?hl=en,2023-07-15,Can't search photos for CONDOM,"Condom is a town in France that I once lived near. I have photos, albums and geolocations labelled with the name. I get zero search results. I guess some Google censor has decided that this is a word I shouldn't use. I do not have same issue with search in OneDrive or DropBox (Note there are a lot of regular words in English globally that only have an offensive connotation in the US, similarly non-English words with the same spelling as English words but a different meaning. US English sensibility is applied by Google to all countries.)",question,false,yes
help_community,https://support.google.com/photos/thread/443269973/trying-to-rename-a-divice-collection-folder-and-it-says-the-name-already-exists-when-it-does-not?hl=en,2026-08-24,Trying to rename a divice collection/folder and it says the name already exists when it does NOT,"Every time I try to rename my collection/folder of my pets it states that the folder already exists. I've tried SEVERAL times to switch the folder to a new one and it keeps giving me the same message. This has been going on for MONTHS and I'm fed up with it. I've tried clearing the cache, I've tried making multiple new folders, I've tried using my laptop and NOTHING is working. I just want to rename the folder and it's really starting to get on my nerves.",question,false,yes
help_community,https://support.google.com/photos/thread/149669797?hl=en,2022-04-11,I canât see my photos anymore.,I wanted to look for a picture and then I realized that all my pictures were gone from my google account. There is no any of them. I cannot find them anywhere,question,false,yes
help_community,https://support.google.com/photos/thread/8809736?hl=en,2020-09-18,My pictures on a specific date are blacked out. What do i do to bring them back to their original ?,Restore my pictures,question,false,yes
help_community,https://support.google.com/photos/thread/216963?hl=en,2020-09-10,"Help, I cannot search photo in drive anymore?","Hi, Before, my photos in Google Drive don't show up in Google Photo (I don't know if it is synced on or, it do not show anyway). BUT in Google Photos, I can search by enter folder name or keywords like ""wedding"" (I stored my wedding photos Google Drive). Now, searching by that way not work anymore, no result found unless I turn on sync Google Drive. Only when wedding photos show on my phone, I can search it. I dont like that because showing thousand files (~100GB) on my phone is a terrible syncing and very bad UX/experience. What should I do to get back the old search logic? Will downgrade Google Photo app help? and which version? Thanks",question,false,yes
help_community,https://support.google.com/photos/thread/458647027/face-groups-and-face-suggestions-not-updating?hl=en,2026-08-12,Face groups and face suggestions not updating,"As above. I have tried all the steps suggested in trouble shooting. I have had my account for at least 6 years and used face groups and face labelling with out issues for many years. My Google photos - people and pets collection - face groups are not updating/refreshing and are not showing any photos taken within the last year and only a few from 2025. All face suggestions are for photos taken in 2024 and before. I do not seem to be able to manually add a photo to an existing face label whereas I'm sure I could do this on some of my devices before. I have ensured people and pets face groups are turned on in my photos settings on all my devices. I have signed out and signed in again. Uninstalled and reinstalled the app. Ensured everything is up to date. I have turned off power/battery saver, plugged in my phone, opened the app, connected to WiFi and left it for over 24hours. I recently upgraded my storage plan and have plenty space so that is not the problem. I have posted a question earlier but it is closed immediately and just gives me a link telling me to do all the things above that I have already done. I have sent feedback about this issue also but yet to receive helpful advice. From a quick search on the community I am not the only person with this issue, but the questions are mostly closed and no one able to offer advice or suggestions or further problem solving strategies. Other family members using the same plan are not currently having this issue with their Google photos, so it is not too do with our plan, devices or region. Google photos is my primary photo organiser and storage platform and it is frustrating that I'm paying for a plan yet unable to make use of the benefits. Any problem solving tips would be most appreciated.",question,false,yes
help_community,https://support.google.com/photos/thread/460663338/server-side-face-detection-is-not-running-on-new-uploads?hl=en,2026-08-19,"Server-side face detection is not running on new uploads.""","Server-side face detection is not running on new uploads.""",question,false,yes
help_community,https://support.google.com/photos/thread/181138674?hl=en,2022-11-30,No search results using keywords in description field,"Iâve added keywords to the description field on hundreds of photos, but when I use search for keywords- I get no results. In the past this has worked. Iâm talking about photos that have been there for years.",question,false,yes
help_community,https://support.google.com/photos/thread/191240074?hl=en,2023-02-07,Google Photos missing estimate location,"Hello. I am having a strange issue regarding the location function of G Photos. The photos I take with my camera (not the phone) are synced with Photos automatically. In the past, all of the synced photos have location information from my location history. I've checked the settings and the option is still active, but none of the photos synced from the computer have location info. Any suggestions on how to solve that? Thanks!",question,false,yes
help_community,https://support.google.com/photos/thread/460422247/can-t-create-an-auto-updating-album-of-a-particular-person-on-pixel-pro-10-xl?hl=en,2026-08-19,Can't create an auto-updating album of a particular person on Pixel Pro 10 XL,"I am in the UK. On Google photos on my Pixel Pro 10 XL, when I click to create a new album it gives me the option to create an auto-updating album of a particular person, based on the ""people and pets"" faces. However when I choose one, I just get stuck on ""loading photos"" forever. It never adds any pictures to the album. All my photos are backed up to Google drive.  I've tried using the web app, I've tried clearing cache, I've tried clearing storage and resyncing all my photos. I've tried restarting my phone. I've tried creating an album then syncing with a particular person after but I don't get any option for ""automatically add pictures"" Google Gemini suggested to me. I cannot seem to find any way to get this to work.",question,false,yes
help_community,https://support.google.com/photos/thread/167909280?hl=en,2022-08-23,Grouping faces not working,Former picassa user with years of photos. No matter how many times I toggle the group faces option google photos neither scans the faces or gives me the option to tag a person manually. I've tried everything on desktop and app but nothing seems to work.,question,false,yes
help_community,https://support.google.com/photos/thread/437408003/cannot-move-photos-and-videos-into-private-locked-folder-error-message-trouble-moving-to-locked-fol?hl=en,2026-08-02,Cannot move photos and videos into private locked folder (error message trouble moving to locked fol,Cannot move photos and videos into private locked folder (error message trouble moving to locked folder please try again later) every time I try do this the above message appears I have tried going into folder and adding this way same thing tried to test with could and non cloud backed up photos same thing tried to uninstall reinstall app same thing tried to move them to the folder inside photos app same thing tried to reset up photos app checked setting same thing removed and added back google account same thing factor reset phone same thing otherwise nothing else I can think of  please help I have no idea whats happening has worked on previous phones no issue my phone currently is the Oppo find x9 pro.,question,false,yes
help_community,https://support.google.com/photos/thread/468569118/shared-photo-album-photo-order?hl=en,2026-09-20,Shared photo album photo order,"Looks like this has been covered many times now, but still no fix. When viewing photos in a shared photo album on Google Photos that is sorted ""Newest first"" the photos in that album are all jumbled up. If I re-sort the album ""Oldest first"" let it load, and then sort ""Newest first"" then the pictures are in order When I click out and back into that album, the pictures are all jumbled again. This is just an issue in the Android App, works fine on the Desktop version through the web browser. Is Google looking into this, as there is a lot of threads on this issue now.",question,false,yes
help_community,https://support.google.com/photos/thread/68930780?hl=en,2020-11-07,Facial Recognition not showing up as an option,"Facial recognition was working perfectly up until a short while ago. Suddenly the option disappeared from my account completely. The option just does not show up under my settings (Pictured below). I tried going straight to the face grouping page by going straight to this page (https://photos.google.com/people) but it brought me to a ""404 error"" page (also pictured below). I understand that it may not be available in some countries however I am in the US and it worked before. Is there any google support to contact or is this forum the only help site that is offered for photos?",question,false,yes
help_community,https://support.google.com/photos/thread/438581993?hl=en,2026-08-07,Discover Google Photos wardrobe,"Hi everyone, We’re excited to share that Google Photos is slowly rolling out a digital closet, built for you. Wardrobe automatically organizes your clothes from your photos. You can virtually mix and match outfits, try them on and save your perfect looks right from the Google Photos app. This feature will start rolling out in Brazil, India, and the U.S. first to Google AI Pro and AI Ultra subscribers — as well as other select users — on Android devices, with plans to expand to iPhone and iPad in the future. You can use wardrobe if: You have an eligible Google Account that meets the minimum age requirements for your country or region. You’re an eligible user in a launched location. You turn on Face Groups. Select which face is yours. Learn how to create your digital closet with Google Photos wardrobe . Thanks, Google Photos Team",question,false,yes
help_community,https://support.google.com/photos/thread/446264614/how-to-turn-off-the-large-photo-memories-grid?hl=en,2026-09-03,How to turn off the large photo memories grid?,"Iâm having a hard time trying to find the settings to turn off the large photo memories grid above the normal photos grid. Iâm using ios 26 on an iphone 17 pro. Please help, thanks.",question,false,yes
help_community,https://support.google.com/photos/thread/444153654/one-specific-photo-is-being-shown-inside-of-my-camera-roll-instead-of-the-most-recent-one?hl=en,2026-08-27,One specific photo is being shown inside of my camera roll instead of the most recent one,"I tried going to settings or figuring out why this is happening. I don't have any of the images favorited or anything, just for some reason one photo in particular is showing up in like the bottom right corner inside of the circle when you're taking a photo.",question,false,yes
help_community,https://support.google.com/photos/thread/443539103/this-photo-had-older-date-and-appearing-today-date?hl=en,2026-08-25,This photo had older date and appearing today date,This photo had older date and appearing as today date,question,false,yes
help_community,https://support.google.com/photos/thread/2995131?hl=en,2020-10-22,Google faces are not showing up anymore... How is this posible? And how do I get them back?,"Okay, I think a half year ago I switched to Google Photo's and I love it. :) Mostly I browse through my pictures on my computer. Only one problem is that some weeks ago it stopped showing photo's of people. (The icon where you click on ""people"" shows 4 of my friends faces, but if I continue there is nothing in it anymore).... I have the app on my phone and this one works, I can see everyone's face. So the settings are all good and running (yes it's the same account I'm logged into). How is this possible? And what can I do to try to fix this? I'm using Firefox mostly, but also on Chrome they didn't showed up. (I live inside the EU, but all the time they did showed up and I was here to).",question,false,yes
help_community,https://support.google.com/photos/thread/371102715?hl=en,2025-11-09,Missing Photo Locations,All of the loacation data of where my pics were taken have disappeared. Has anyone had a similar experience? My location settings for photos are turned on in the photos app setting.,question,false,yes
help_community,https://support.google.com/photos/thread/6670116?hl=en,2020-10-21,"Sometimes Google Photos can locate landmarks I key as a location, sometimes not. ","It could not locate Jackson Square in New Orleans and I had to key in the Cathedral for the location, then later it could find Jackson Square. Right now, the only option I have for Mallory Square is Deland, FL - nothing is shown for Key West.",question,false,yes
help_community,https://support.google.com/photos/thread/17037945?hl=en,2020-09-02,"Is there a way to sort or filter all my photos taken by ""Night Sight"", ""Panorama"" and ""Photosphere""?","I just took a 5 week trip through 26 cities and 13 countries. I'd like to sort my photos by ""night sight"", panorama, photosphere, etc. It would save me a lot of time basically. :)",question,false,yes
help_community,https://support.google.com/photos/thread/154983141?hl=en,2022-06-08,How can I recover photos from another gmail account?,I've been attempting to log into my other account but I can't remember the password or my previous phone number.,question,false,yes
help_community,https://support.google.com/photos/thread/457074895/photos-are-not-being-recognised-to-faces?hl=en,2026-08-04,Photos are not being recognised to faces,I have this problem the app isn't recognising people i tried to turn off the face groups and then turned on But now all the face groups disappeared!!!whats going on with your app!!,question,false,yes
help_community,https://support.google.com/photos/thread/94545827?hl=en,2021-03-28,How can I find the âClear the clutterâ feature that detects receipts and archive them?,"In the past I used a photos assistant pane that offered to âclear the clutterâ and store receipts and similar photos in the archive. These sort of smart organizational features were the main reason Iâve picked google photos over other photo cloud services such as iCloud. However, in recent updates I havenât been able to find this feature. Is it still available?",question,false,yes
help_community,https://support.google.com/photos/thread/29130446?hl=en,2020-11-01,300+ Photos and Videos Disappeared--Help!,"Did both of the following: 1. Backed up my iPhone photos/videos to Google Photos 2. Uploaded the same photos/videos to an individual album on Google Photos Received a message stating that all of the files were successfully backed up and the individual album showed 700+ files. I even refreshed the app and x-ed out of it twice to confirm that those numbers remained the same when I reopened the app. So, I permanently deleted the files from my phone to clear space. They are not on iCloud or backed up anywhere else. The next day, I opened Google Photos to find that ~300 of the files were missing from the album (it now shows 428 files) and that the same files are missing from my back-up. Called Apple, there's nothing they can do about it. But this is an issue with Google Photos anyway. Hoping there's a way to recover these files that spontaneously disappeared...especially devastated as they are photos and videos of our wedding and honeymoon. Appreciate any help!",question,false,yes
help_community,https://support.google.com/photos/thread/444384367/albums-not-sorting-chronologically?hl=en,2026-08-27,Albums Not Sorting Chronologically,"Photos and videos are appearing in correct chronological order in my main photo feed, but they are out of order in albums. I have tried clearing the cache and have also tried sorting the photos from newest to oldest and then back to oldest to newest again. I have also tried creating a new album. Nothing works. If you click on the photos and videos in the album they show the correct time and date, but are still appearing out of order. Even if I edit the time and date, it still doesn't fix the problem. It happens both in private albums and shared albums. I have asked my partner to view one of the shared albums in their own app on their phone, and the photos apppear out of order for them too.",question,false,yes
help_community,https://support.google.com/photos/thread/210130187?hl=en,2023-06-13,"Can I make Google Fotos search for images with a specific text in it, like ===   ?  Lens can extract",I tried it the simple way but did not get a result,question,false,yes
help_community,https://support.google.com/photos/thread/442266361/none-of-my-photos-uploaded-in-the-last-2-weeks-are-recognizing-faces?hl=en,2026-08-18,None of my photos uploaded in the last 2 weeks are recognizing faces,"Any photo with faces that are known, or not are not showing any recognition of faces",question,false,yes
help_community,https://support.google.com/photos/thread/448162501/i-dont-know-what-happened-but-my-phone-wont-let-me-add-like-50-images-to-like-the-people-section-?hl=en,2026-09-07,I dont know what happened but my phone wont let me add like 50 images to like the people section ð­,So theres this small chunch of like 50 pictures that wont let me tag people in the like the section where you can add people by themselves (im not explaining this well at all im sorry) and i dont know what happened and i really need to fix it,question,false,yes
help_community,https://support.google.com/photos/thread/268040736?hl=en,2024-06-11,"Wife changed name; uploaded all photos to new account, but search and faces don't work","My wife changed her name and opened a new Google account to reflect this. I transferred all her photos to the new account by downloading them from the old account and then uploading them to the new account from her phone. The problem is that searching by terms/phrases is not working for any of the photos in the new account (e.g. I search for ""car"", ""flower"", ""beach"", etc. but get no results, even though I get results with the same photos in the old account). Same for face search. These features are enabled, and work, but only for photos newly taken since the account was open. It seems like when I uploaded all of the old photos in bulk (some 15000), they weren't indexed for search terms or faces. My question is simply this - how can I force Google Photos to index (or re-index) all of the photos? I've seen suggestions that it'll happen in time, but this account was created 6 months ago and nothing has happened. I'm not convinced it's a matter of time.",question,false,yes
help_community,https://support.google.com/photos/thread/59912562?hl=en,2020-09-23,Why is photo location changed to wrong location?,I added a photo without geo-coords to Google Photos. After upload first no location is displayed. After few minutes the location is taken from location history and displayed correctly... Now something weird happened... Some minutes (sometimes hours) later something is changing the location again; now location is wrong. It is also a location from my history; but not matching time (incl. timezone) of my photo. The displayed time is correct. Want may change the location? Can I see when and why the location gets updated? Is the location always set by Google Photos or do other processes interfere the location handling? Just to confirm the photo itself does not contain and geo-coord details. Maybe I'm wrong; but seems the second location set happens when removing any other photo. But sounds weird... Why is Google Photos changing the location of a photo on deletion of another photo?,question,false,yes
help_community,https://support.google.com/photos/thread/431663706?hl=en,2026-07-12,Find the perfect photo for your Remix creations with automatic suggestions,"Hi everyone, We know that the perfect photo for a Remix isn’t always easy to find. That’s why we are excited to announce the new update for Android devices that helps take the guesswork out of your creative process. Instead of scrolling through your entire library to find that one perfect shot to transform, Google Photos will now automatically provide you with suggestions by analyzing your library to find the best-matching content for your creation. How it works? When you tap the ""Add photo"" button within a Remix template, photo suggestions will automatically surface at the top of your screen. This feature looks for clear subjects that yield the most striking transformations. While these suggestions offer the best starting point, you can always continue scrolling to browse your full library. Thanks, The Google Photos Team",question,false,yes
help_community,https://support.google.com/photos/thread/457718477/google-photos-should-recognize-faces-in-all-photos-not-just-those-taken-with-the-camera?hl=en,2026-08-07,"Google Photos should recognize faces in all photos, not just those taken with the camera.","The People & Pets feature only recognizes faces in photos I personally captured. Faces in images from WhatsApp, Downloads, Nearby Share, Snapseed, screenshots, or other imported sources often don't appear, even when they're clear. Please improve face recognition to work across all photos in the library, regardless of where they came from. It would also be great to have an option that lets Memories include every photo in the libraryânot just camera photosâso imported photos can also be grouped by people and included in memories.",question,false,yes
help_community,https://support.google.com/photos/thread/144159735?hl=en,2022-03-12,Old backed up photos not showing up.,When I search for the old photos then only they are visible but aren't showing up on the feed. And when I click on some photos they just don't open and automatically I'm redirected to some other picture although I can see them on the feed.,question,false,yes
help_community,https://support.google.com/photos/thread/221435619?hl=en,2023-08-22,I accidentally turned off face grouping and now if I turn it on I canât see it in my search bar,I accidentally turned off the face grouping & now even if I turn it on am unable to see in my search bar.,question,false,yes
help_community,https://support.google.com/photos/thread/443611125/similar-face?hl=en,2026-08-23,Similar face,I cant recognise similar face,question,false,yes
help_community,https://support.google.com/photos/thread/468588416/any-way-to-recover-a-paused-video?hl=en,2026-09-20,Any way to recover a paused video?,Dumb question- while recording last night I somehow paused the recording when I wanted to record and recorded what I wanted to be paused- I know it's dumb but is there any way to recover that paused footage in any way?,question,false,yes
help_community,https://support.google.com/photos/thread/133830023?hl=en,2022-01-07,Text Message Photos,"Whenever I try and send photos in the text widget, it doesnât show any of my photos except the ones from today.",question,false,yes
help_community,https://support.google.com/photos/thread/188602568?hl=en,2023-01-19,Location of this photo,Please tell me the location of this photo in Tasmania,question,false,yes
help_community,https://support.google.com/photos/thread/59312505?hl=en,2020-09-19,Grouping by date - how to remove it?,"It seems the default setting is to auto group by date. It should be optional not default. It doesn't allow to select all photos in the album at once, only the ones with the same date. And it also uses up too much screen space because there can be only one pic of the same day in one line. Can I change it? If not, can you fix it?",question,false,yes
help_community,https://support.google.com/photos/thread/286636215?hl=en,2024-09-25,Can't find original date time etc on my photos taken or I received,I've backed up my photos to multiple google accounts and phones that I have had and the photos always give me the date and time etc of the time I downloaded to the account or the phone but not the original time date and yr? And if it was a photo sent to me won't it say from the source and thru what program or number? Maybe even how many people they sent it to or the other recipients that received it? Idk how to know when I took the pics of my kids or parents or anything so it's concerning fr,question,false,yes
help_community,https://support.google.com/photos/thread/209514729?hl=en,2023-06-08,Some people does not show up in search option.,I have enabled only camera folder in my device for backup to Photos. My sister WhatsApped me some of her family pics which were stored in WhatsApp photos folder in device Gallery. Then I moved them to camera folder for onward backup to Google Photos. They were backed up but Photos still doesn't show the people's faces separately in its search option. Can someone please guide me to solve this problem.,question,false,yes
help_community,https://support.google.com/photos/thread/230660047?hl=en,2023-10-21,People section not showing up,The people and pets section is not showing up on my google photos although the face grouping is enabled.,question,false,yes
help_community,https://support.google.com/photos/thread/60011571?hl=en,2020-09-23,Photos not showing ,"Backup was slow so I cleared data. Now photos is stuck in 'getting your photos', only uploading photos on my phone. If I search for photos, they all show up. But backup will not work as it is saying getting photos. I've tried everything and exhausted all ideas. I have no sd card.",question,false,yes
help_community,https://support.google.com/photos/thread/22479056?hl=en,2020-10-27,Can you make Edit people & pets searchable?,"When you use the Edit people & pets feature to change the person in facial recognition, you can't search for a replacement, you have to pick from you existing faces by scrolling through them. I have hundreds and google doesn't sort them alphabetically, so it's a nightmare. Can you add the ability to search for the faces with a search box when picking a replacement person (in facial recognition)?",question,false,yes
help_community,https://support.google.com/photos/thread/335424872?hl=en,2025-06-08,google photos not doing facial recognition on faces that I manually tag,"I have a google photos account.  It recognized a bunch of faces during my initial upload and put them in the people and pets section. I gave each face a name and it found all the other instances of those faces.  I had to  manually tag a bunch of people that were not already the ""faces and pets"" section.  Google has not done facial recognition and found those people in other photos. It has been over three weeks now.  How can I kick start this process? This is what I have tried already... Ensure Face Grouping is Enabled : Open the Google Photos app. Tap on your profile picture in the top right corner and select Photos settings . Navigate to Group similar faces . Ensure that Face grouping is toggled on. Additionally, check if any faces have been hidden: Return to the Search tab. Next to People & Pets , tap View all . Tap the three-dot menu in the top right corner and select Hide & show people . Unhide any faces as necessary. Manually Add Faces : Open a photo of the person or pet whose face isn't being recognized. Tap the three-dot menu icon and select the face you want to add. Tap the plus icon and select Create . Sign Out and Sign Back In : In the Google Photos app, tap on your profile picture. Tap the downward arrow next to your account and select Use without an account . Sign back in by selecting your Google account. Update or Reinstall Google Photos : Ensure you're using the latest version of Google Photos by checking for updates in the Play Store (Android) or App Store (iOS). If the app is up to date, try uninstalling and reinstalling it. Wait for Processing : Sometimes, Google Photos may take time to process new photos and update the People & Pets section. Ensure your device is connected to Wi-Fi and plugged in, as processing can be resource-intensive. I am at this point....If after trying these steps the issue persists, consider reaching out to the Google Photos Help Community for further assistance.",question,false,yes
help_community,https://support.google.com/photos/thread/26347779?hl=en,2020-10-05,i cant unhide people and pets,"I recently got a new phone and once I signed into my photos the people album didn't show up. I was confused so I typed it in the search bar and it came up but had no one in it. I went to settings to memories and it says that in the category ""hide from memories"" is people and pets. I can't do anything to unhide it. there is no button or option, it's just there. it's really frustrating to have to scroll through all my pictures to find a picture of someone and I can't seem to fix it...",question,false,yes
help_community,https://support.google.com/photos/thread/97583303?hl=en,2021-04-17,Any way to search exclusively for OCR results?,"I've been super excited about the OCR search feature in Photos ever since it was announced, and it's been really helpful to me -- sometimes. If I search a word (for example, ""dog"") in the Photos search bar, sometimes it comes up with accurate OCR results where my search query (literally, the word ""dog"") is present in an image. But most of the time it seems like it either misinterprets my query and shows me related images (pictures of actual dogs) or just comes up empty with no results. I know that some of the text in these images is MUCH more clear and legible than the OCR feature demos I've seen for this app, so I don't know whether Photos is forgetting to scan and index my pictures or if Search just doesn't know that I'm looking for OCR results because of all the other meaningless AI-driven features it has. It would be nice to know whether there's an option to specify that I want OCR results only.",question,false,yes
help_community,https://support.google.com/photos/thread/77360715?hl=en,2020-12-19,I need assistance with Google photo face recognition and an error I'm receiving,"I have two issues. 1. I have three dogs that all look very similar one that's passed away and two puppies. I want to be able to separate their faces into their own name but Google is not allowing this.  I reset the find faces and now most of the pictures don't have a pencil to edit who they belong to. How can I fix this? Is there a way to have it look for common faces Can I turn that on or do I have to wait for it to ask me? My daughter is also now not grouping all of her photos it's acting like she's several different people. I want to be able to group all of her pictures under her from baby to now. 2. When it does finally recognize one of my dogs I want to change the picture that is assigned to it and I'm getting this error. ""Trouble changing feature photo"". This is beyond frustrating. Thank you so much for any assistance you can provide.",question,false,yes
help_community,https://support.google.com/photos/thread/167179917?hl=en,2022-08-18,How can I find old photo memories in my Android phone? I see them daily or weekly but I cannot acces,My photo memories come up and I can see randomly but how do I go back to view them?,question,false,yes
help_community,https://support.google.com/photos/thread/178895995?hl=en,2022-11-14,Can't find old photos,"I backed up new photos for my google account and when they finished backing up i opened the google photos app and 90% of my old photos were not there and I can't find them in the trash section or anywhere in the google account I tried many thing and still can't find them, i need help because these photos are so important to me and they disappeared suddenly.",question,false,yes
help_community,https://support.google.com/photos/thread/9882693?hl=en,2020-10-04,Missing photos,"Hello , I backed up all of my photos on  google photos and followed the steps which came up on google to free space on my device. I have logged into google photos on another device and the photos are not there. I have checked all the places which they might be but canât find them. My other device is broken so there is no way of trying to retrieve them from there. Please help. Thank you",question,false,yes
help_community,https://support.google.com/photos/thread/79074624?hl=en,2020-12-29,How to recover missing photos that is not found in the suggested areas to search by google.,My phone board died. My photos were backed up to google photos. My board was changed and all my photos for the entire year are gone. My photos are supposed be there and this is FRUSTRATING.,question,false,yes
help_community,https://support.google.com/photos/thread/453426084?hl=en,2026-07-22,I am missing photos in google photos from may 16th 2026 until current. is there anyway to get those?,I am missing photos in google photos from may 16th 2026 until current. is there anyway to get those? I tried looking in my trash and they arent there. my old iphone got water damage so in my actual phone library there is nothing since 2024 but in google photos there are photos up to may 15th 2026 but i still need from after that date.,question,false,yes
help_community,https://support.google.com/photos/thread/277717?hl=en,2020-09-29,No Photo Album Selection,"Album selection for photos is cumbersome. Select any or several photos and then + to add to a new or existing album. If you have a hundred or hundreds of albums there is no way to ""fast select by entering text"". You have to scroll through the ENTIRE list to find the right album to put these pictures in.  There HAS to be a better way.",question,false,yes
help_community,https://support.google.com/photos/thread/295967654?hl=en,2024-11-13,"Cant find faces, cant refine face search like I used to be able to.","When I search a tagged face the app only shows very few photos when there are hundreds of photos of that person. You always used to be able to refine that by helping your Photos app recognise the same face. I cant do that anymore and when I search ""Dogs"" for example it shows only a handful of photos when in reality I have hundreds of photos of my dogs on my phone, when did Photos become so bad and how can I fix this? Its so annoying because I store all my photos on Google photos but now when I search anything I never find what I want but if I spend an hour looking manually then the photo is there? Please help.",question,false,yes
help_community,https://support.google.com/photos/thread/203582436?hl=en,2023-05-01,Missing Location,"Hello, all photos on my phone were recorded with location details just fine. However, the backed up photos on Google photos are missing the locations and maps. It should also be noted the backed up Videos on Photos come with locations and maps. I don't know what to do. Please help.",question,false,yes
help_community,https://support.google.com/photos/thread/91690134?hl=en,2021-03-09,Location data is missing from all photos and video after downloading from Google Photos to Computer.,"When downloading from Google Photos web to by laptop, it provides me with the date and time the photo was originally taken but I have lost the location/place data.  The photos were originally taken on an Iphone and then saved to Google Photos.  From Google Photos I selected a set of approximately 60 photos all taken in the same city and downloaded the zip folder.  After extracting on the files from the zip folder, I viewed the files as details instead of tile and added location to the column options.  The location column is blank even though the city and state name show up in Google Photos.  I also downloaded a single file and when viewing the detail for it, it did not include the city and state name. Please let me know if this information is not available when downloading or if there is a step that I am missing.",question,false,yes
help_community,https://support.google.com/photos/thread/370536?hl=en,2020-09-02,My iPhone picture locations do not show up on all my photos when transferred to Google Photos.,"I checked to verify location info is on all iPhone pictures. I have uninstalled the Google Photos App 2 times and then installed it again after shutting the iPhone OFF to see if a new sync would pick up the missing locations. Some did get added, but some are still missing. When I go to the Albums/Places the missing locations and the associated photos are not there. All the photos did transfer to Google Photos.",question,false,yes
help_community,https://support.google.com/photos/thread/317510246?hl=en,2025-03-14,Delete search history,How to delete recent search history,question,false,yes
help_community,https://support.google.com/photos/thread/202916106?hl=en,2023-05-11,I want to clear my search history,I want to clear my search history,question,false,yes
help_community,https://support.google.com/photos/thread/274668?hl=en,2023-02-23,How to I remove someone from my sharing suggestions and/or remove all their photos?,"I have an ex wife I'd really like to remove from google photos all together.  Primarly, I'm trying to get rid of her as the primary suggestion that pops up everytime I try to share something.  Secondly, I'd like to get rid of any pictures of here.   I've tried various things I've found on this forum such as going to an album that I previously shared with her and selecting 'block user' I've also tried: Go to Albums, People, then options (three vertical dots in upper right) and select Show & Hide Faces; deselect any names you no longer wish to have labeled). That's the only discretion you have along the lines you suggest. She is on my block list, and her face is hidden from my 'faces' now, but she still pops up as the primary 'share with' contact. It would seem there are many others looking for this functionality.  Please help google!",question,false,yes
help_community,https://support.google.com/photos/thread/17276924?hl=en,2020-09-04,How to precisely filter photos?,"I want to do a photo book for year 2004 and a lot of the photos I have are very low quality. I thus want to see photos from a specific time (2004), but only photos that are at least 4MP. I can easily filter by date, but have not found how to filter by quality, and I wish there was a tool to filter the photos in a more precise way (have a filter that can at least do both size and date). I have also tried doing a photo book directly from album and it automatically selects the photos that are the correct size. But if I try to edit the photo album (adding new photos), I have to look at each photo size to see whether they can be printed (a little tedious). If you have any better idea, I'd love to hear those. Thanks",question,false,yes
help_community,https://support.google.com/photos/thread/155282398?hl=en,2022-05-21,Where do you find screenshot,Where do I find my screenshot at I thought they were in photos,question,false,yes
help_community,https://support.google.com/photos/thread/96338421?hl=en,2021-04-09,face grouping issue,"Google is grouping pictures that are completely unrelated to the face group.  It's putting old pictures I've taken, game videos, even a dog into various groups.  My face groups are all labeled correctly.  The groups do contain pictures of the correct person but why is a dog in with a water polo player's when they are not even in the picture?  And a dog looks nothing like a water polo player. Facial recognition used to work fine but suddenly one day it stopped. I have used the ""Remove Results"" option multiple times but they keep coming back.  I have turned facial recognition off and on again, even waited two weeks before turning it back on.  Then I did the facial recognition set up again for various people (with their name labels) and Photos started doing it all again, adding dogs, old photos, etc. to various emojicon groups.  And again, ""Remove Results"" refuses to work.  I do get the pop up asking why the photo is incorrect and I always choose the reason and I see the ""Removing Result"" and ""Result Removed"" at the bottom of my screen.  But they still are there.  Moving wrong photos to archive doesn't work.",question,false,yes
help_community,https://support.google.com/photos/thread/345205430?hl=en,2025-07-22,Can't see location of old photos,"They are supposed to be stored in original form. I cannot see location, not can I view day. After destroying my location history, Google is making it difficult to use the photo location or other information",question,false,yes
help_community,https://support.google.com/photos/thread/331063?hl=en,2020-10-22,Face recognition not working on the photos restored through Trash (BIN),"I think I have a unique issue. Recently I have updated my PC with SSD and had done a fresh install of windows. On installing google photos it re-synced all the photos on my PC. Next on my drive I had two directories under MY Computer section. ""MY PC"" and ""My PC(1)"". Few newly uploaded photos were visible in MY PC(1) and old photos under ""My PC"". My OCD made me to move all the photos under MY PC(1) and renamed it to My PC. Next thing all my old photos were moved to Trash by google. ( This I found out after long time ) I restored all of the photos from trash. (I have 95k plus photos there) That's the back story. Now the real issue is Google photos is not recognizing the faces from ""Old Photos"" that were recovered from trash. Things I have tried: 1) Turning On/Off face recognition (Tried twice) 2) Deleting cache on mobile and installing/uninstalling photos application Please suggest something which will resolve my issue. I need face recognition to work at its full capacity",question,false,yes
help_community,https://support.google.com/photos/thread/13027234?hl=en,2020-09-17,Manual Color Pop With Black and White Background?  Hello?  Anyone?,I like the black and white background color pop that the photo assistant does randomly.  Is there a way to do it to a photo of my choosing?  I've seen posts of some people (A year ago) have the filter show up if they go into edit... but I've gone into filters on the ones that the photo assistant did itself and still don't see the filter option.. it's just not there... My question is why.. two years after making it a magical assistant filter is it not something we can now choose?,question,false,yes
help_community,https://support.google.com/photos/thread/181306820?hl=en,2022-12-01,Google Photo Edit,"I bought a new phone Nothing 1 last week and I am not able to able to do the edit that I could do easily on my previous phone Oppo Reno 6 5G. I have tried updating, rebooting but still no go. Is there a glitch or we have a solution for it? It was really simple to edit any photo on Oppo Reno 6 5G, be it a screenshot or any type and then save it and then delete the one I don't want. It does allow other features like croping, bluring, adjusting the brightness, color selection (Pen, Highlighter and Text) on Nothing 1 phone but the main tool that I have been using is the Erase option while editing the image but I don't get it anymore on Nothing 1. On the web version from a Desktop or Laptop it just allows only to Rotate, Crop and do the adjustments of Brightness, Contrast, Exposer, Shadows, Blacks, Vignetts, Warmth, Tint, Skin tone, deep blue and pop which specifically limited features. I have tried all possible option of uninstaling and reinstalling Google Photos and even tried changing and switching to Google Gallery from my A+ Gallery but still not getting the option of Erase which I would get on my previous phone. This is very dissapointing unless some patch is released and the issue gets fixed. Thanks Mark Detai",question,false,yes
help_community,https://support.google.com/photos/thread/765289?hl=en,2020-09-17,My photos are missing in google photo,"While i'm uploading new photos to the google drive, I just realized that a lot of photos are missing. For instance, I guess i have uploaded more than 2000+ photos during my trip to Vietnam, but I can only find less than 1000 photos. I can definitely say that more than 70% of pics are missing in google photo now. I have tried all the instructions mentioned in google photo :( Is there any other way to restore my photos? Since these photos are taken more than two years ago, there is no way to recover them by myself now.",question,false,yes
help_community,https://support.google.com/photos/thread/171027077?hl=en,2022-09-15,Where are my older photos I know I had in Google Photos?,"We took a repeat trip this week that we took 6 years ago. When I tried to search for any pics from the original trip, almost all my 2016 photos are gone. There are like 5 random photos, and the rest are nowhere. My backup settings haven't been changed, I'm not over my storage limit, I didn't delete them and I am logged in on the right account. Where are they?",question,false,yes
help_community,https://support.google.com/photos/thread/102340612?hl=en,2021-05-19,Are memes hindering the improvements and intelligence progress of the Google Photos AI?,"I have a feeling that because many people save memes in their google account , does it trouble the AI's ability to detect or to recognize whats in a photo? For example: How will the AI be able to see that this is a meme and not a woman and a cat having dinner?",question,false,yes
help_community,https://support.google.com/photos/thread/150646036?hl=en,2022-04-20,Wrong face recognition by Google photos,"Dear Support, Unfortunately, google is doing wrong face recognition for my daughter's photos. It's labelling them as another person. I can manually change it for some photos, but not for all, and not for any of the videos. Could you please help me. Many thanks!",question,false,yes
help_community,https://support.google.com/photos/thread/185797395?hl=en,2022-12-29,Manually tag photos/correct automatically tagged photos,"Google photos is very good at grouping photos of the same person together, and when I've labeled the groups, I can easily find photos of those people afterwards. However, it isn't perfect, and it feels like Google Photos really does not want you to correct its mistakes when they do occur. There are two types of mistakes: Sometimes a face is not recognized Sometimes a face is not grouped correctly with the other photos of the same face. When 1 happens, it does not seem like there is anything I can do about it. I do know about the ""show and hide faces"" button, and I have set it to show ALL faces, but still there are quite a few photos that are clearly people, that Google Photos does not recognize, and thus there is nothing I can do about it. When 2 happens, I do have something I can do about it, it is just not what I would like to do. What I can do is that I can mark all the photos that are not of the person, and select ""remove results"", I can even tell google that I did that because they were not of the correct person, presumably to help some algorithm/AI/ML fix its mistakes in the future. I really with I have just somehow missed the button that says ""manually tag a face"" in a photo, because that would make everything so much easier. If it is for some reason not a feature, I would love to know why it isn't a feature, and if there is some way that I can suggest that it be added :) Just a few notes on which client I am using, if that is relevant: I am primarily using Google Photos from a browser, usually Edge, but I wuld gladly use Google Chrome or something else, if that fixed my issue. I also use the android app from time to time.",question,false,yes
help_community,https://support.google.com/photos/thread/172722574?hl=en,2022-10-06,Merged Face groupings not staying merged,"All at once I had thousands of unnamed grouped faces, many of people in the background that I do not intend to tag.  The groups of those that I know were usually easily merged with groups that I already had tagged, but going through and merging all of them takes hours.  When I came back to merge more of the unnamed groupings, I began to realize that I was merging the same groups that I had already merged before, they even have the same picture in the icon as the tagged group.  Why aren't the merged groupings staying merged?  Is this issue being worked on? Also, hiding and unhiding can be an exhausting process scrolling through pages upon pages of tagged and untagged faces.  I am sure that there are more and more Hidden groups that I did not hide.  An option to hide and unhide people/groupings should be available when tagging faces of an individual picture, because, it is at this point that we recognize who the person is.  Are you aware that Google Photos is auto hiding groups?",question,false,yes
help_community,https://support.google.com/photos/thread/146568?hl=en,2021-05-01,How to correct wrong face label,"When faces were merged, some face labels were wrong",question,false,yes
help_community,https://support.google.com/photos/thread/115166?hl=en,2021-08-03,How do manually add a photo of a person not being detected by Google photos,I have a photo of myself that I want to be my feature photo but it is not detecting my face,question,false,yes
help_community,https://support.google.com/photos/thread/165624339?hl=en,2022-08-05,question regarding searching system of photos,"how to search photos of two people together..I tried by searching ""name1 and name2"" without "" but it doesn't work..please help",question,false,yes
help_community,https://support.google.com/photos/thread/242091739?hl=en,2024-04-08,Create a highlight video in just a few taps,"Hi everyone! In Google Photos, you can now create a highlight video of your favorite vacation, activity, or event in just a few taps! In the Search box, type a few words about the people, places, themes, or dates to include in your highlight video. For example, ""Birthday,"" ""Museum,"" or ""Japan."" Google Photos will choose the best clips & photos in your gallery, add music and sync the video to the music to bring it all together. With this new update, the existing guided movie feature is going away on Android and iOS, and you will have more control over the types of highlight videos you want to create. You can still create a video from scratch using manually selected photos and videos within this new tool. This feature will be rolling out over the coming weeks. Read here to learn more about highlight videos Thanks, Google Photos Team",question,false,yes
help_community,https://support.google.com/photos/thread/469125524/hey-i-accidentally-deleted-my-important-pictures-on-my-photos?hl=en,2026-09-22,"Hey, I accidentally deleted my important pictures on my photos.","I've been trying my very best to resend the email to the company, they wouldn't let me do it because they couldn't even help me, because I deleted my photos by accident since yesterday, is there someone that could help me, to bring back my photos because these photos are very important, and I don't want them to be gone within 25 days, in the world the company won't be able to help me, but I need someone to help me, finding another solution to bring back my photos before it's too late.",question,false,yes
help_community,https://support.google.com/photos/thread/469109005/order-in-abyss?hl=en,2026-09-22,Order in abyss,I placed a Google order. Was supposed to pick up at Walmart. They say it's shipped. But it never arrived after a week and a half.. Google says they can't find the order. How do I contact Google,question,false,yes
help_community,https://support.google.com/photos/thread/469087420/album-backup-issue?hl=en,2026-09-22,ALBUM BACKUP ISSUE,I want to backup only camera album from gallery. But Google photos backing up All albums in my gallery. I stopped album backup from photo settings also Please looking into this,question,false,yes
help_community,https://support.google.com/photos/thread/469080251/i-want-to-add-someone-new-to-faces-in-my-album?hl=en,2026-09-21,I want to add someone new to faces in my album,I want to add this person to my faces in albums,question,false,yes
help_community,https://support.google.com/photos/thread/469031607/the-other-pictures-wasn-t-showing-up-to-other-places?hl=en,2026-09-21,The other pictures wasn't showing up to other places,I cannot see that i went like tarlac the other pictures like dagupan as well like other places but i cannot see it in the map,question,false,yes
help_community,https://support.google.com/photos/thread/468903071/backup-of-pictures-on-desktop-pc-to-google-photos?hl=en,2026-09-22,Backup of Pictures on Desktop PC to Google Photos,"I was using Google Drive on my desktop to backup my PC's photos, and the iPhone app to sync my mobile photos to a single location.  But recently the new photos on my desktop do not appear in Photos.  It looks like the desktop app for Google Drive no longer copies photos? Trying to make the Google Photos app work has been frustrating.  I'm an IT professional, so I should be able to figure this stuff out.  It simply does not want to backup my desktop's ""Pictures"" folder.  I've remove the app and reinstalled it, and it lets me choose the folder for backup, but I don't see it working.  I can see my used quota is less than 70GB, but I have 600GB+ in photos on my desktop. The old desktop app worked great, why did they have to move to this browser based nonsense?",question,false,yes
help_community,https://support.google.com/photos/thread/468884336/i-have-a-photo-and-trying-to-share-and-click-on-message-and-it-just-won-t-work?hl=en,2026-09-22,I have a photo and trying to share and click on message and it just won't work,Having a problem with the sharing of my photo to..my message on my text on the phone and I click on it over and over and I did do this quite a few times and thanks,question,false,yes
help_community,https://support.google.com/photos/thread/469000266/i-just-upgraded-but-still-showing-no-space?hl=en,2026-09-22,I just upgraded but still showing no space,I just upgraded for memory but I can't get the benifits,question,false,yes
help_community,https://support.google.com/photos/thread/468884916/help-im-being-charged-twice?hl=en,2026-09-22,Help! Im being charged twice,"Please help! I recently signed up for the 2 TB storage with Google. All was good until last month when I was charged twice.  The full amount each time 1 day apart. This happened again this month. Ive checked all of my other accounts and have no other subscriptions. When I check the payment history it says theres only one payment but then I check again and its the other date, saying only one payment. Ill attach pictures because this is difficult to explain. Are these the same subscription? What am I doing wrong? Has anyone else had this issue? And why doesnt google have real customer support ð­",question,false,yes
help_community,https://support.google.com/photos/thread/469099697/my-photos-and-videos-got-deleted-from-google-photos?hl=en,2026-09-22,My photos and videos got deleted from Google Photos,"Hello Google Team, My photos and videos have been deleted from Google Photos. I checked the Trash/Bin folder, but I cannot find them there either. Please help me recover my deleted photos and videos as they are very important to me. Thank you",question,false,yes
help_community,https://support.google.com/photos/thread/469099531/my-photos-and-videos-got-deleted-from-google-photos?hl=en,2026-09-22,My photos and videos got deleted from Google Photos,"Hello Google Team, My photos and videos have been deleted from Google Photos. I checked the Trash/Bin folder, but I cannot find them there either. Please help me recover my deleted photos and videos as they are very important to me. Thank you",question,false,yes
help_community,https://support.google.com/photos/thread/467710412/all-of-my-photos-from-google-drive-are-deleted-i-need-these-please-help-me?hl=en,2026-09-17,all of my photos from google drive are deleted???? I NEED THESE PLEASE HELP ME,"i had a label in my gmail account that contained all of my childhood photos from a span of greater than a decade and the label is now COMPLETELY EMPTY???? I remembered i made a backup on my google drive of all the images incase this one day happened, but they're NOT on there either??? i tried looking at the google photos app and none of them are there either. I checked my trash and searched far & wide. i need these found NOW. ARE YOU KIDDING ME??? please help me! this is so upsetting i've had a terrible month so far, and this really is just adding to everything horrendous going on in my life. i cant even look at a photo of my dead dog who passed away last year for my normal sense of comfort because MY PHOTOS ARE MISSING???? WTF please for the love of god someone help me now or give me an email or phone number to call immediately.",question,false,yes
help_community,https://support.google.com/photos/thread/467582908/i-recorded-a-whole-ass-video-just-for-it-to-show-a-grey-screen-with-no-footage-of-what-i-captured?hl=en,2026-09-16,I recorded a whole ass video just for it to show a grey screen with no footage of what I captured.,"So I recorded a video close to thirty minutes of some horror Minecraft footage, but once I stopped my recording so I can edit and post the video I was met with a grey screen that didn't show any timeline and only had a constantly spinning circle when I clicked it. It was completely refusing to process even when I made sure my gallery didn't have too much storage. I've had a very similar problem before and tried to use the back up thing to see if this could maybe fix the issue but it obviously didn't. I need ts fixed.",question,false,yes
help_community,https://support.google.com/photos/thread/469097610/faces-not-detected?hl=en,2026-09-22,Faces not detected,My face is not detected by Google photos,question,false,yes
help_community,https://support.google.com/photos/thread/467685343/i-want-to-turn-off-ai-on-google?hl=en,2026-09-16,I want to turn off AI on google,"I want the choice to turn off AI , it's unnecessary and mostly incorrect. It's absolutely useless on Google photos , search worked perfectly without it, and now the photo search is utter shite. For example, I have hundreds of tarantula and jumping spider photos and videos right up to august ,ai can't  find them, it finds 2 photos of a dead spider and a random kid looking at a spider in 2015. There's no option to go back to how search was , there needs to because it's utter crap now",question,false,yes
help_community,https://support.google.com/photos/thread/468867490/cannot-share-a-photo-immediately-after-editing-or-multiple-selection-share?hl=en,2026-09-22,Cannot share a photo immediately after editing or multiple selection share,"Since the last update, every time I update a photo it is not recognised as a photo sharable to other apps and cannot share multiple photos selected, the option simply doesn't show. I have a pixel 9 pro and I already restarted multiple times and checked for newer updates.",question,false,yes
help_community,https://support.google.com/photos/thread/469035693/how-to-add-whatsapp-when-i-click-share-on-photos-the-only-thing-that-comes-up-is-x-or-facebook?hl=en,2026-09-21,How to add Whatsapp when I click Share on photos.  The only thing that comes up is X or Facebook.,How to add Whatsapp or individuals when I click Share on photos on my computer.  The only suggestions that come up now are X or Facebook. On my Android I get many more suggestions including Whatsapp,question,false,yes
help_community,https://support.google.com/photos/thread/469073553/recover-my-19-august-2026-videos-please?hl=en,2026-09-21,Recover my 19 August 2026 videos please,"I have been requesting for the past month that my fresh video, which was removed by mistake on August 19, 2026, be restored. However, I am not finding that video in the link being provided in this post; I am only getting other videos from August 19. So kindly recover my video from August 19, 2026. I request my photos from the Google community.",question,false,yes
help_community,https://support.google.com/photos/thread/468059551/google-photos-albums-not-sharing-with-more-than-2-people?hl=en,2026-09-17,Google Photos Albums Not Sharing with More than 2 people,"I
have hundreds of albums with different peoples photos that I am trying to share
with them. I have used this system for the past 6 years, and am using a
different account because I had so many photos on the last one. Currently, I
can only successfully share with 2 people before the message ""Cannot share
photos, please try again later"" pops up. I have to wait 48 hours before
trying again, and can only do 2 people at a time before this message comes up
again. I
have tried everything. Using the mobile app. Waiting 5 minutes between sharing
each album. I have done a ton of research and cant figure this out. This was
never an issue with the old account, but need to use this one becaue the facial
rec is working great and we already have our photos uploaded. We DO NOT want to
use links to share, I need to be able to share them individually. I work for an athletics department and cannot currently get athletes their photos. Has anyone found a way around this? Google chat told me they were unable to help and this was the only next step to take.",question,false,yes
help_community,https://support.google.com/photos/thread/469065339/i-my-face-have-been-detected-at-two-places?hl=en,2026-09-21,I (my face) have been detected at two places,My face has been detected in two places and I want to merge both faces (my own photo) into one. Something is going wrong with the detection and recognition.,question,false,yes
help_community,https://support.google.com/photos/thread/469038282/my-albums-were-deleted-during-the-backup-process?hl=en,2026-09-21,My albums were deleted during the backup process,Google photos backed up my photos to the cloud and guaranteed tgat removing them from the device will not affect anything but it deleted all my albums! How to restore it?,question,false,yes
help_community,https://support.google.com/photos/thread/469035689/date-on-photo-incorrect?hl=en,2026-09-21,Date on photo incorrect,The date says before photo was actually taken,question,false,yes
help_community,https://support.google.com/photos/thread/469004956/adding-new-person-in-people-folder?hl=en,2026-09-21,Adding new person in people folder,I want to add some new person in people folder.,question,false,yes
help_community,https://support.google.com/photos/thread/468922503/assistant-wouldn-t-search-my-photos-for-the-word-grief-said-it-was-sensitive?hl=en,2026-09-21,Assistant wouldn't search my photos for the word grief. Said it was sensitive!,I have several photos pertaining to grief and grievance. I shouldn't have to argue with a robot about it! I used to be able to search my photos by myself without help. This is the most ridiculous & annoying thing! Unacceptable!,question,false,yes
help_community,https://support.google.com/photos/thread/468971724/transcribing-audio-in-videos?hl=en,2026-09-21,Transcribing audio in videos,I have videos on my google photos and would like to automatically transcribe the audio and download the text/script. How can I do this?,question,false,yes
help_community,https://support.google.com/photos/thread/463794772/a-pop-up-from-loud-duplicate-finder-keeps-popping-up-in-google-photos-how-can-i-uninstall-this?hl=en,2026-09-01,A pop up from loud Duplicate Finder keeps popping up in Google Photos.  How can I uninstall this.,A pop up from Cloud Duplicate Finder keeps popping up in Google Photos.  How can I uninstall this.,question,false,yes
help_community,https://support.google.com/photos/thread/468222375/request-recovering-deleted-photos?hl=en,2026-09-21,Request recovering deleted photos.,"I wanted to delete my backup on the google photos but accidentally deleted my photos from collection on the google photos and they disappeared on my phone's photograph album. Now I want to recover all the photos I deleted from the backup and the collection and bring them back to my phone's photograph album. I've tried restoring the photos from the trash on the google photos websites, but there are only few photos I deleted and there are still lots of photos missing. It used to have almost 26000 photos and 688 vedios in total, but now I only have 21008 photos and 284 vedios on my phone's photograph album. There are only 312 photos in the trash on the google photos website, and there is no photos and vedios on my phone's google photos' trash. Also, I can't find the photos from the recent deleted on my phone's photograph album.",question,false,yes
help_community,https://support.google.com/photos/thread/467076470/order-large-videos-by-date?hl=en,2026-09-14,Order large videos by date,How do reorder videos by date,question,false,yes
help_community,https://support.google.com/photos/thread/466353572/one-google-photos-video-is-missing?hl=en,2026-09-21,One Google Photos Video Is Missing,"Hello Google Photos Team, I need urgent help with one missing video from my Google Photos account. My Google Photos backup was turned ON, and the video was previously visible in my Google Photos. After I restored my phone and signed back into the same Google account, the video was still visible initially. However, later it suddenly disappeared. Most of my missing photos and videos have now been recovered, but this one important video is still missing. I have already checked Google Photos, Trash, Archive, and my device, but I cannot find it anywhere. Please investigate my Google Photos account and check whether this video is still available on Google's servers or can be restored/recovered. This video is very important to me. I would be extremely grateful if you could help me recover it. Thank you for your support.",question,false,yes
help_community,https://support.google.com/photos/thread/468609315/the-share-option-is-missing-in-the-grid-view-for-a-couple-of-photos?hl=en,2026-09-20,The share option is missing in the grid view for a couple of photos,"When I try and select a group of photos to be able to share to something like WhatsApp, I'm finding that a couple of the photos in that group make the share icon disappear. If I unselect those two photos, then the share icon reappears and I can share the rest.",question,false,yes
help_community,https://support.google.com/photos/thread/468669265/how-to-change-the-audio-destination-from-videos-they-keep-going-to-my-music-app?hl=en,2026-09-20,"how to change the audio destination from videos , they keep going to my music app","how to change the audio  destination destination from videos in my Photos albums, The audio keep going to my music apps and taking space on my music app and deleting my music",question,false,yes
help_community,https://support.google.com/photos/thread/468951482/why-all-photos-in-one-folder-as-photos?hl=en,2026-09-21,Why all photos in one folder as photos,"Hi in my mobile there is folders like screen shots,  whatsapp images , camera , any other folders .  You backing up all at one place.   In backup we need camera photos camera folder , WhatsApp images what's app folder.   You can back up as folder images , you are backing up all placing all one place  .  Please update it. I hope you get it , thankyou",question,false,yes
help_community,https://support.google.com/photos/thread/468947509/i-want-to-recover-my-permanently-deleted-photos-videos?hl=en,2026-09-21,I want to recover my permanently deleted photos videos,"Hello Google Photos Support, I need help recovering some photos and videos that were permanently deleted from my Google Photos account. These photos and videos were originally recorded using my phone's camera around AugustâSeptember 2025. Google Photos backup was enabled automatically on my phone, and I had previously seen these photos/videos in Google Photos. I can no longer find them in Google Photos, Trash/Bin, or on my phone. They are very important to me. Could you please check whether any of these permanently deleted photos or videos are still recoverable from my Google Photos account, backup systems, or any available recovery option? I understand that permanently deleted files may not normally be recoverable, but I would be very grateful if you could check whether any copy or backup is still available. Please let me know if you need any additional information from me to investigate this. Thank you.",question,false,yes
help_community,https://support.google.com/photos/thread/468948206/i-want-to-recover-my-permanently-deleted-photos-videos?hl=en,2026-09-21,I want to recover my permanently deleted photos videos,"Hello Google Photos Support, I need help recovering some photos and videos that were permanently deleted from my Google Photos account. These photos and videos were originally recorded using my phone's camera around AugustâSeptember 2025. Google Photos backup was enabled automatically on my phone, and I had previously seen these photos/videos in Google Photos. I can no longer find them in Google Photos, Trash/Bin, or on my phone. They are very important to me. Could you please check whether any of these permanently deleted photos or videos are still recoverable from my Google Photos account, backup systems, or any available recovery option? I understand that permanently deleted files may not normally be recoverable, but I would be very grateful if you could check whether any copy or backup is still available. Please let me know if you need any additional information from me to investigate this. Thank you.",question,false,yes
help_community,https://support.google.com/photos/thread/462213700/whatsapp-folder-and-images-disappeared-from-google-photos?hl=en,2026-09-21,Whatsapp folder and images disappeared from Google Photos,"Hi, Recently my WhatsApp folder is disappeared from my google photos and no image is backed up not even showing my WhatsApp media, it happened recently, now i have to see my photos from Android/.com whatsapp / media. Is it some sort of update my media visibility is turned on in whatsapp settings and i have not made any such change in my WhatsApp or Photos Device: Google Pixel 7",question,false,yes
help_community,https://support.google.com/photos/thread/468709905/add-name-to-face?hl=en,2026-09-21,Add Name To Face?,"How do I add a name to a face? There's no option in the photo when I swipe up. Some of my photos don't have their name and it's a perfectly clear picture of them so I don't see why they aren't recognized. It used to ask me, ""who is this?"" and I could label them, but that suddenly disappeared. Anyways, thanks in advanced.",question,false,yes
help_community,https://support.google.com/photos/thread/468528679/can-t-find-the-photos-google-deleted?hl=en,2026-09-19,Can't Find the Photos Google Deleted,"Most of my photo albums have been deleted. I noticed on the 16th and have been trying to get them back since, to no avail. There were at least 500+ photos. Please help me get them back.",question,false,yes
help_community,https://support.google.com/photos/thread/468859512/all-my-photos-are-messed-up?hl=en,2026-09-21,All my photos are messed up.,"I saved my photos and videos from Google photos to my device because my free subscription is over, and I don't want to pay extra because I have sufficient space in my phone, but after downloading everything I saw that all photos are in same date, my years Library Is now jumbled, unable to find something by date. Also some photos and videos are missing. It took me 3-4 days to download everything but at last it was showing 187 items, unable to download those are missing now. I cleared space on Google photos becaus mail was working. Can anyone help me recover my entire last 10-12 years memories",question,false,yes
help_community,https://support.google.com/photos/thread/468873648/i-want-too-recover-my-permanently-delete-some-photos?hl=en,2026-09-21,I want too recover my permanently delete some photos,I can't find my permanently deleted photos I want too recover my some permanently deleted photos can you help me plzz,question,false,yes
help_community,https://support.google.com/photos/thread/468860026/when-i-use-ask-in-google-photos-it-won-t-accept-my-choice-of-my-photo?hl=en,2026-09-21,"When I use ask in Google photos, it won't accept my choice of my photo.","Every time I try to access Google photos and use the ask function it asks me to choose my photo. I go to the second screen scroll down and choose my icon,. It used to say I'm saving and it would let me go on. Now it's saying there's a problem and I can't search my photos.",question,false,yes
help_community,https://support.google.com/photos/thread/468846449/is-it-on-purpose-that-you-don-t-have-a-function-for-sort-on-size?hl=en,2026-09-21,Is it on purpose that you don't have a function for sort on size?,I am trying to move large videos and photos and I find it INTERESTING that you don't have a function within the app to sort based on size in Google Photos. I know why but just wanted to let you know that we get it. We see your greed. I will NOT pay for storage as much as you try and force it down our throats. Especially to a company that can't run fast enough to change the name of landmarks older than the US itself to appease the orange monster. Then you dont even have the same self preservation to make your services actually worth what you're trying people to pay.,question,false,yes
help_community,https://support.google.com/photos/thread/468795401/i-can-t-see-my-backed-up-photos?hl=en,2026-09-21,I can't see my backed up photos.,"Hi. So I used to have an old Gmail account that I lost access to around 4-5 years ago because I forgot the password the recovery phone number wasn't with me. I recently gained access to it and even though I have logged in, my old photos are not showing up. I can see my old emails, dated as far as 2012 and i was also able to log into YouTube and see my last watch history and stuff. But my photos are not showing up and given this email was my first ever email address that I had ever made, a lot of photos were backed up on it. Can someone please advice.  Thank you!",question,false,yes
help_community,https://support.google.com/photos/thread/467440579/google-photo-desktop-app-incredibly-slow-and-freezes?hl=en,2026-09-16,Google Photo desktop app INCREDIBLY slow and freezes,"I've got a large number of photos on my desktop PC, just short of 1 TB. These are arranged in folders, like this: Pictures\Year\Month. Once the backup feature based on Drive was dropped I tried to add my ""Picture"" folder in the desktop app. That was a dead end. Photos stopped working, locking and nothing happened. After leaving the computer on for a day it managed to index and find 130.000 files. Upload time a number of days. Tried for a while, but if I shut down the computer it restarted. I had to resort to removing access to disk for Chrome in order to stop it. It wasn't possible to stop the process, as Chrome locked when it worked. I managed to add folder by folder, thus making the indexing much slower and manageble. Yay! Problem is: Now when I start Photos desktop app it tries to index again. This freezes Chrome and makes it unusable. Sigh. Hopefully I can manage to stop access to disk again, in order to be able to remove folders from syncing... But really, what IS this? Can't find any related posts either, so what can be wrong on my end?!",question,false,yes
help_community,https://support.google.com/photos/thread/467381382/i-selected-a-photo-to-share-from-my-photos-app-it-wouldn-t-send?hl=en,2026-09-15,I selected a photo to share from my photos app. It wouldn't send.,"I selected a photo to share from my Google photos. Next, I selected the app where I wanted the photo to be sent (my texting app), but nothing happened. I tried tapping on a different app, but nothing happened. Everything seemed to be frozen. I couldn't share my photo.",question,false,yes
help_community,https://support.google.com/photos/thread/467378214/incorrect-storage-usage-shown-on-my-account?hl=en,2026-09-15,Incorrect Storage Usage Shown on My Account,"Hi Google Support Team, I'm writing to report an issue with the storage usage shown on my account. It currently displays approximately 125 GB used, which I believe is incorrect. For context, I was previously on the Google One AI Pro plan by JIO, then switched to my Basic plan which I had going on already before the JIO plan, and after that switched Google Family groups. I suspect one of these changes â possibly some shared or leftover storage data from the previous plan or family group â is being incorrectly counted against my account. I also think this could be som sync issue since I stopped a back-up to google photos mid backup. I'm confident my actual usage is nowhere near this amount. Could you please look into this and correct the storage figure on my account? Thank you for your help.",question,false,yes
help_community,https://support.google.com/photos/thread/468787950/i-realize-a-grid-customization-for-self-created-photo-albums-are-not-possible?hl=en,2026-09-20,I realize a grid customization for self-created photo albums are not possible.,"I created an album of 700 specific photos, which already took me very long, and I wanted to have an effective overview on those photos in my new album, however the photos are in the grid of 2 photos per row where basically only 4-6 photos fit my screen on my phone at once. This feels so ineffective and I wish I could have 4 or even 6 photos in a row to view in the albums. I hope this can be managed in the future. :)",question,false,yes
help_community,https://support.google.com/photos/thread/467356240/missing-photos-from-partner-sharing?hl=en,2026-09-15,Missing Photos from Partner Sharing,"Hello Google Support, I used to have an old Gmail account that I can no longer access. Before losing access, I set up partner sharing in Google Photos with my new Gmail account. For about two years, I was able to view the shared photos without any issue. Recently, all the photos disappeared from my new account even though the partner sharing link is still visible and settings were not changed. These photos are very important to me because they contain memories of my deceased cat. I already tried the account recovery process, but it requires my old mobile number which I no longer have access to. I would like to ask if there is any alternative way to verify ownership or recover the photos from the old account. Thank you for your assistance.",question,false,yes
help_community,https://support.google.com/photos/thread/467271423/can-t-find-pics-downloaded-from-iphone-saw-phots-in-my-pc-in-microsoft-photos-can-t-find-photos?hl=en,2026-09-15,Can't find pics downloaded from iPhone. Saw phots in my PC  in Microsoft photos. Can't find photos,Saturday downloaded photo from my iPhone to PC. Saw some of the photos in Microsoft Photos app. Closed app Didn't check every photo. Next day Sunday 13th couldn't find downloaded photos and can't find the Microsoft Photos app. Please help. Ask any questions. Many thanks in advance.,question,false,yes
help_community,https://support.google.com/photos/thread/467086860/google-groups-copies-of-similiar-without-our-permission-and-can-t-stop?hl=en,2026-09-14,google groups copies of similiar without our permission - and can't stop,take photos - google groups multiple photos within one photo - and we can only delete all but one - and google never asked us to turn on the stupid idea - google just did it - and no way to turn off in pixel - a very very bad pixel experience - when google forces something we do not want. have set DO NOT GROUP sinilar faces but that does not work!!! Pixel & google should never force choices - they did this a few years back with pixels - then it was a bad 2 year idea - but then we could split the groupings into stand alones - now we we can only pick one - and dellete the rest this stupidity can only be explained by profit - forcing something we don't want - and not allowing us to opt out - must mean more money for google? all i want is all my pictures displayed individually - with google grouping multiple pictures into a single picture - without my permission DUHHHH!!!,question,false,yes
help_community,https://support.google.com/photos/thread/468816370/someone-has-remote-access-to-my-sensitive-photos-and-distributes-them-without-consent-or-knowledge?hl=en,2026-09-20,SOMEONE HAS REMOTE ACCESS TO MY SENSITIVE PHOTOS AND DISTRIBUTES THEM WITHOUT CONSENT OR KNOWLEDGE,"Somebody that has remote access to my phone or they just have access to my account are exploiting me sensitive photos of me , selling them to people on and off the internet or to different websites and I dont know who. And no matter what security measures I take, they are still able to access my account and I also have not seen any financial gain from this\nGiven to me , so that's also a problem",question,false,yes
help_community,https://support.google.com/photos/thread/468805251/archive-deleted-photos-for-the-past-3years?hl=en,2026-09-20,Archive deleted photos for the past 3years,"I need to find my deleted photos for the 3 years ,or archive it",question,false,yes
help_community,https://support.google.com/photos/thread/468454508/frequently-getting-error-code-429-using-google-photo-library-api-to-upload-media-in-google-photo?hl=en,2026-09-19,Frequently getting error code 429 using Google Photo library API to upload media in Google Photo,"I am using Python to upload Photos/Videos in Google Photo using Google Photo Library API. Although I am able to upload media files but once number of files uploaded exceeded average 80-100 files then frequenlty getting error. ""code"": 429, ""message"": ""Quota exceeded for quota 'concurrent write request' of service 'photoslibrary.googleapis.com'."", ""status"": ""RESOURCE_EXHAUSTED"" As suggest by Google I am using sequential code, no parallel code execution neither for Uplaoding nor for batchCreate. Also giving 120 seconds of pause after each batch creation. First I have tried uploading of 5 media files then creating a batch then 120s of break and picking 20 files in one execution but getting this error after uploading and batch creation done between 60-100 files. Once I get this error, sometimes I am able to upload even after 2-3 hours. When getting this error then retrying after waiting 60, 120, 300, 600, 1200, 1800 seconds but no luck. I have also try with other working where I use one script for uploading media and once media uploaded and after 300s run other script for batchCreation. But this working flow also giving same error after creation first batch with 50 uploaded tokens. Unable to understand why I am getting this and how to fix this. Basically I have 30TB of Google Takeouts in Google Drive and I have restore them in Google Photo again. I have also tried google photo ""Backup Folder"" option but it's  very slow take approx 2 days to backup 50GB of data. That's why I am looking for API option.",question,false,yes
help_community,https://support.google.com/photos/thread/468047203/i-don-t-find-my-shared-media?hl=en,2026-09-18,I don't Find my shared media .,"My WhatsApp got deleted, and I think my backup might have been deleted too. I canât find the photos and videos that I shared on WhatsApp before. Is there any way I can get those old media files back? I also checked Google Photos and Whatsapp backup but I couldnât find them there either.",question,false,yes
help_community,https://support.google.com/photos/thread/468709488/album-missed-in?hl=en,2026-09-20,Album missed inâplacesâ,"Why does Google Photos have photos from my trip to Indonesia, but thereâs no Indonesia album listed under âPlacesâ?",question,false,yes
help_community,https://support.google.com/photos/thread/468729533/my-people-category-can-not-showing-any-people-face?hl=en,2026-09-20,My people category can not showing any people face,Please solve my face and group photo problem,question,false,yes
help_community,https://support.google.com/photos/thread/468737778/face-recognition-issue?hl=en,2026-09-20,Face recognition issue,"In the face recognition feature, I added my daughter's name, but suddenly her name disappeared from the people and pets list. When I open her image in photos, her face isn't being recognized. Even when I manually tag her face in an image, it doesn't show other photos of her. I can't even add her name after manually selecting her face.",question,false,yes
help_community,https://support.google.com/photos/thread/468740443/how-can-a-recover-pictures-from-june-last-year?hl=en,2026-09-20,How can a recover pictures from june last year,I try backing up data I didn't see the pictures I'm looking for,question,false,yes
help_community,https://support.google.com/photos/thread/468736623/facing-problem-in-photo-adding-to-a-particular-album?hl=en,2026-09-20,Facing problem in photo adding to a particular album.,I have added few photos to a an album. From those photos few are not showing from my phone's google photos app but I can see them from browser (google photos website).,question,false,yes
help_community,https://support.google.com/photos/thread/468712923/i-can-t-recover-backed-up-photos-in-my-new-device?hl=en,2026-09-20,I can't recover backed up photos in my new device,"So i backed up the photos present in my locked folder in my current device in a gmail account but when i got a new phone and then i logged into the same gmail, I can't find the photos present in the locked folder which i backed up in my previous device. What should i do i need the photos which i backed up in my previous device locked folder in the gmail mentioned above",question,false,yes
help_community,https://support.google.com/photos/thread/468693678/subscription-vallaidate?hl=en,2026-09-20,Subscription vallaidate,I already took a 100gb data subscription on oct 16th 2025.its validity is until October 16th 2026.but iam not seeing the 100gb data. Please solve the my problem as soon as possible,question,false,yes
help_community,https://support.google.com/photos/thread/468706505/im-out-of-storage-and-my-account-wont-let-me-delete-photos?hl=en,2026-09-20,Im out of storage and my account wont let me delete photos,I want to delete all my photos on my account. i didn't even have them on my account until i redownloaded the app and they all came. i just wanted to look at a joint album. now i cant send emails or even delete the photos my account is overwhelmed it just glitches and says it cant do it. please help me i meed my email to work for school and work.,question,false,yes
help_community,https://support.google.com/photos/thread/468426660/some-screenshots-are-missing-from-my-screenshot-folder-in-gallery-since-last-3-days?hl=en,2026-09-20,Some Screenshots are missing from my screenshot folder in gallery since last 3 days.,I have tried but not finding,question,false,yes
help_community,https://support.google.com/photos/thread/468707241/some-photos-not-displayed-on-android-photos-app-when-backup-is-on-they-show-up-when-backup-is-off?hl=en,2026-09-21,Some photos not displayed on Android Photos app when backup is on. They show up when backup is off,"Hi.  have two different Google accounts on my phone, and my photos are synced and backed up with the second account, not the primary one. My issue : With an updated version of Photos, when I am logged in on that second account and backup is on, *there are photos that I do not see on the Photos app* . If I switch backup to 'off', they then show up. I can certainly see them on my laptop on the same account, so they exist and they are actually backed up, but I don't see them here on the phone when backup is 'on'. If I uninstall Photos Updates, then I can see them back. It's just a problem of showing them up on the last versions of the app on my Android phone. It's been a few weeks and I have been hopeful that an update would solve this, but it didn't happen yet. Pretty annoying as I need to deactivate Backup to see all my photos. And reactivate back after. Or work with an outdated version of Photos. My phone is 2 months old, so the original version dates May 2026 and it works with that version. But it means I cannot update photos anymore. Someone shared with me that they had the same problem with only one google account. So it should be widespread I guess. Thanks for your help.",question,false,yes
help_community,https://support.google.com/photos/thread/468696040/missing-videos-and-pictures?hl=en,2026-09-20,Missing videos and pictures,I can't find some of my pictures and videos,question,false,yes
help_community,https://support.google.com/photos/thread/468690641/my-face-is-not-matching?hl=en,2026-09-20,My face is not matching,My face is not matching,question,false,yes
help_community,https://support.google.com/photos/thread/468614742/partial-photo-album?hl=en,2026-09-19,partial photo album,why won't my recent photos show in my google account?,question,false,yes
help_community,https://support.google.com/photos/thread/468656690/feature-request-fix-boundary-detection-and-add-manual-adjustments-for-overlapping-pets?hl=en,2026-09-20,Feature Request: Fix Boundary Detection and Add Manual Adjustments for Overlapping Pets,"The Problem:  The automated grouping system hits a major technical bottleneck when tracking multiple animals. Currently, when two similarly colored cats or dogs are lying down, cuddling, or sitting close together, the system frequently misidentifies them as one single, large animal instead of two separate pets. Because the system draws a single bounding box around both animals, there is currently no way to separate them or correctly tag each individual pet in the photo. The Solution:  Improve the boundary detection for animals and give users control over the highlighted selections. This update should include: *Enhanced Edge Separation: Improve the AI's ability to differentiate separate animal shapes, even when pets share similar fur colors and are touching or overlapping. *Manual Boundary Adjustment: Give users the ability to manually adjust, resize, or split the highlighted selection boxes directly on the image when the AI miscalculates where one pet ends and another begins. This would allow users to draw two separate circles or boxes to correctly assign each pet their own face tag.",question,false,yes
help_community,https://support.google.com/photos/thread/468570125/transfer-of-photos-and-videos-from-ios?hl=en,2026-09-19,Transfer of photos and videos from IOS,"I have made a transfer of photos and videos from my iPhone. It was successful, however every picture and video is dated the day it was transfered, not the original date of making. So now I have over 30 thousand photos dated Sep 2026, meanwhile they are from 2018-2026. What can I do, it is a disaster",question,false,yes
help_community,https://support.google.com/photos/thread/468559507/i-was-debited-for-storage-update-and-it-s-still-showing-not-enough-storage-space?hl=en,2026-09-19,I was debited for storage update and it's still showing not enough storage space,"Hello, I was debited for a storage upgrade, but my account is still showing that I do not have enough storage. The payment has already been deducted from my account, yet the storage upgrade has not been reflected. Please check this issue and either activate the storage I paid for or process a refund if the upgrade cannot be completed. I would appreciate a prompt resolution. Thank you.",question,false,yes
help_community,https://support.google.com/photos/thread/467431498/google-photos-not-automatically-backing-up?hl=en,2026-09-19,Google Photos not automatically backing-up,"I have the Google Photos app on my PC but my photos have not updated since Google drive stopped backing-up photos. The only time it has worked is after I've cleared the cache, but that clears everything else. Any advice? Thanks",question,false,yes
help_community,https://support.google.com/photos/thread/467497731/whatsapp-photos-from-groups-auto-added-to-my-photos?hl=en,2026-09-19,WhatsApp photos from groups auto added to my photos,"I'm in some groups that are sharing photos on WhatsApp which is great. But, it's totally clogging up my camera roll with unwanted photos. How to remove all and choose only what I want to add to my camera roll. People have uploaded hundreds of photos......",question,false,yes
help_community,https://support.google.com/photos/thread/468422246/cast-google-photos-to-google-tv?hl=en,2026-09-20,Cast Google photos to Google tv,Attempting to Cast a Google Photos album to a Hisense Google TV. Only the Google Photos image appears on the TV. Audio from a video does come thru,question,false,yes
help_community,https://support.google.com/photos/thread/468630074/i-want-to-delete-a-shared-google-photo-album-will-it-delete-the-photos-another-person-added?hl=en,2026-09-20,"I want to delete a shared google photo album, will it delete the photos another person added?","I have a shared google photo album, I want to delete it and the photos ans videos I have added to it because it takes up so much storage and I don't look through it much anymore. I believe I have probably the added the most photos, but the other person has added pictures and videos as well. If I delete the album or the photos in it, will it delete the photos the other person added? I dont want their photos to be deleted, just the album and the photos and videos I took that I put in. Thank you!",question,false,yes
help_community,https://support.google.com/photos/thread/466706097/lost-of-my-data-without-any-notification-?hl=en,2026-09-19,Lost of my data without any notification ð,"I have trusted Google with all of my documents, password and bank card . I lost all my saved password without any trace and my pictures ð¼ï¸ too . Google photos is showing other pictures that I took like other people and places. But when I search my pictures it only shows a pictures of Identity documents. If I'm not mistaken last week my data was there but now it gone . I need explaining about this . Please don't tell me to login on other devices to check I'm done that. Don't tell to sync up because I already done that it not working. Do tell me check recycling bin because there is nothing there.",question,false,yes
help_community,https://support.google.com/photos/thread/467002003/google-messages-won-t-access-device-photos?hl=en,2026-09-14,Google Messages won't access device photos,"Help! I have spent hours trying to figure this out. Google Photos won't allow me to pull from my phone's gallery. If I choose ""select from my device"" it says nothing is there. I have done all the work arounds on the internet and it worked for one photo and then went back. I can access my gallery by adding a file to the message, but that takes an insane number of clicks and you can only add one photo [file] at a time! How do I get Google Messages to take photos from my (VERY ORGANIZED) S24 Ultra gallery??? Right now, clicking on the photo icon to add it to a text is just bringing up a jumbled chronological mess of Google Photos photos and not my sorted gallery albums to choose from.",question,false,yes
help_community,https://support.google.com/photos/thread/468599957/help-i-cannot-see-partners-shared-photos-in-third-party-google-photos-connection?hl=en,2026-09-19,"Help, I cannot see partners shared photos in third party Google Photos connection","For example, Chatbooks is a photo printing service and Iâm trying to print albums and my husband and I share all our photos together. But when I connect my Google Photos to Chatbooks? Sign in, I can only see my Google Photos taken with my phone. I cannot see the pictures my husband took, even though we shared photos and I see them in the native Google Photos app. Does any one have a solution for this? Or work around?",question,false,yes
help_community,https://support.google.com/photos/thread/468615147/recover-deleted-photos-from-gmail?hl=en,2026-09-19,Recover deleted photos from Gmail,"I had important photos in my Gmail account about two years ago. The email containing the photos was deleted, and I can no longer find the email or its attachments. I would like to know if Google can help recover the deleted email or photos. I have checked Gmail but could not find them. Please let me know if any recovery option is available.",question,false,yes
help_community,https://support.google.com/photos/thread/468608886/facial-recognition-not-working?hl=en,2026-09-19,Facial recognition not working,I have turned on the face detection but Google photos does not seem to be detecting any faces on my pictures.,question,false,yes
help_community,https://support.google.com/photos/thread/468602684/missing-photos-on-phone-switch?hl=en,2026-09-19,Missing Photos on Phone Switch,I am missing Photos upon getting a new phone. They were definitely being backed up on an account with lots of space (the bottom of the screen confirmed it) and many were from a previous save even prior to that. Help!,question,false,yes
help_community,https://support.google.com/photos/thread/468589992/all-delete-screenshot-photo-recovery-please?hl=en,2026-09-19,All delete screenshot photo recovery please,Screenshot photo recovery please,question,false,yes
help_community,https://support.google.com/photos/thread/467412012/facing-problem-to-backup-photos-with-time-restriction?hl=en,2026-09-19,Facing problem to backup photos with time restriction,"I have a large number of old photos and there are my newly photoes are I don't want to upload my old photos for backup, I just need the new photos to be backed up All the photos are distributed in many folders, and all the folders are necessary to backup, for my new photos. Please help me to backup my files with this kind of time restriction... Like,  I like to backup my photos after some date Or I like to backup my photos before some date. Please help with this kind of filtration in backup page.",question,false,yes
help_community,https://support.google.com/photos/thread/468587723/recover-in-date-22-august-2026-i-well-deleted-photos-videos?hl=en,2026-09-19,Recover in date 22 August 2026 i well  deleted photos & videos,Hi Google photos team. Please please please i want recover my photos and videos deleted date in 22 August 2026..please sir recover as soon as possible. Thanks & regards,question,false,yes
help_community,https://support.google.com/photos/thread/468014942/samsung-gallery-sync-with-google-photo?hl=en,2026-09-18,Samsung gallery sync with Google photo,"I have a question about syncing Samsung Gallery with Google Photos. Right now, my photos are backed up to Google Photos through the Google Photos app. If I enable synchronization through Samsung Gallery as well, will the photos that have already been uploaded to Google Photos be duplicated, or will they simply be recognized as already existing and synced without creating duplicates? Also, if I enable synchronization through Samsung Gallery, should I turn off backup/sync in the Google Photos app, or can I leave both enabled at the same time? Is there any risk of duplicate photos being created?",question,false,yes
help_community,https://support.google.com/photos/thread/468287428/google-photos?hl=en,2026-09-18,Google Photos,"My face grouping hasn't worked in months, it says check your Internet connection when I try to change the face...its this way across all devices...  Did this happen to anyone else? any fixes available?",question,false,yes
help_community,https://support.google.com/photos/thread/467445903/one-backed-up-picture-on-android-phone-is-not-possible-to-be-downloaded-for-copying-to-memoryanpleau?hl=en,2026-09-16,One backed up picture on Android phone is not possible to be downloaded for copying to memoryAnpleau,"Why cannot download on Android phone 11  backed up picture to my memory stick from internal storage WHY ??? Please, help to understand! Thank you!",question,false,yes
help_community,https://support.google.com/photos/thread/467496917/photos-not-working-loading?hl=en,2026-09-16,Photos not working/loading,Search function and scrolling is crashing,question,false,yes
help_community,https://support.google.com/photos/thread/467780353/i-have-over-20-notifications-from-a-contact-but-somehow-am-being-denied-access-can-t-resend-frien?hl=en,2026-09-17,"I have over 20+ Notifications from a contact, but somehow am being denied access. Can't resend frien","I have looked at blocked list, they are not on that, I search for them no post of their F.B. account, I have 20,+ Notifications I am being unable 2 review",question,false,yes
help_community,https://support.google.com/photos/thread/467975671/sharing-more-than-one-photo?hl=en,2026-09-17,Sharing more than one photo,The share icon vanishes as an option in the menu as soon as I select more than one photo. Yesterday this was happening but scrolling down located it. Today the only thing I can do with more than one photo is put it in an album. No option to share in other apps.,question,false,yes
help_community,https://support.google.com/photos/thread/467462213/used-free-up-space-and-photos-no-longer-in-the-album?hl=en,2026-09-16,Used free up space and photos no longer in the album,"Hi, I backed up the photos and used free up space feature in google photos but now I can't see some of the photos. As I didn't delete the photos which weren't backed up but backed up photos only. Already checked phone and bin,no longer there. Could it be backed up issue and not synching back to the album. Need your help, thank you",question,false,yes
help_community,https://support.google.com/photos/thread/468402414/i-have-oned-the-backup-but-it-s-not-backuping-in-google-photos-backup-complete-it-s-showing?hl=en,2026-09-18,I have oned the backup but it's not backuping in Google photos backup complete it's showing,It's not backuping showing in album cloud photo,question,false,yes
help_community,https://support.google.com/photos/thread/467707465/missing-photos?hl=en,2026-09-17,Missing photos,"So went to a concert, took a bunch of photos and next morning was looking at all the pictures. A few minutes later all the photos are gone from samsung gallery. My phone is getting close to running out of storage, so I figure that's the issue. Are those pictures really gone? Paying for storage on google photos btw and for what since it didn't back them up there either - pretty disappointing.",question,false,yes
help_community,https://support.google.com/photos/thread/468476640/i-want-to-log-it-out?hl=en,2026-09-19,I want to log it out,Because of short memory I want to log it out,question,false,yes
help_community,https://support.google.com/photos/thread/468491970/accidentally-deleted-photos-permanently-from-trash?hl=en,2026-09-19,Accidentally deleted photos permanently from Trash,"Hi, âI accidentally deleted some important photos from Google Photos and also emptied them from the Trash/Bin folder recently. âI would like to know if there is any possibility to recover or restore these permanently deleted photos. I haven't been able to find them anywhere in my account. âPlease let me know if the Google Photos team can help restore my deleted files. âThank you!",question,false,yes
help_community,https://support.google.com/photos/thread/466747477/facebook-photos-are-saved-in-camera-folder?hl=en,2026-09-13,Facebook photos are saved in Camera folder,"The Facebook photos are showed in Camera folder but only on photos app , other apps are showing Facebook folder and Camera folder separated The location of the images inside the phone is normal but the problem is the way photos app is showing it , I tried everything and nothing worked , I need help urgently.",question,false,yes
help_community,https://support.google.com/photos/thread/466712025/trying-to-make-highlight-video-on-web-produces-404-no-matter-how-few-clips-i-choose?hl=en,2026-09-13,Trying to make highlight video on web produces 404 no matter how few clips I choose,"I'm trying to make a highlight video in google photos. I have all the clips I want saved in an album. It works when I do it on my phone, but I lose all the motion in the photos. When I try on the web, I keep getting a 404 error even if I only choose two clips at once. This has happened on 3 different computers and in an incognito window. How do I get the motion clips to appear if I do this on my phone? Or how do I get this to work on the web? Previously making highlight videos on the web preserved the motion. I am using Chrome on my computer and have a Samsung Galaxy S26+.",question,false,yes
help_community,https://support.google.com/photos/thread/466704814/the-new-horizontal-google-photos-layout-i-would-like-it-to-be-vertical-again-how-can-i-do-this?hl=en,2026-09-12,"The new horizontal Google Photos layout, I would like it to be vertical again. How can I do this?",I updated (mistake) because the app kept pestering me so. Now the photo layout in gallery is horizontal instead of vertical and I'd like to change it back. How can I achieve this process? Please help,question,false,yes
help_community,https://support.google.com/photos/thread/468449662/can-t-find-camera?hl=en,2026-09-19,Can't find camera,My camera has disappeared,question,false,yes
help_community,https://support.google.com/photos/thread/468456894/a-humble-request-to-restore-photo-deleted-from-trash?hl=en,2026-09-19,A humble request to restore photo deleted from trash,In last 24 hr .... I accidentally deleted my performance from my sister's wedding... It's so important for me I save the video from last five years.... And I really want the video please Please help me to find my sister's wedding memories... it's a humble request to you I will be very very veryyy happy if I found the video....thanku for your precious time,question,false,yes
help_community,https://support.google.com/photos/thread/468456712/i-deleted-my-pictures-and-videos-on-trash-by-mistake-and-i-need-them-back?hl=en,2026-09-19,I deleted my pictures and videos on trash by mistake and I need them back,I can't get my deleted pictures back and I tried to search for them,question,false,yes
help_community,https://support.google.com/photos/thread/466667097/explicit-music-on-family-photos-auto-generated?hl=en,2026-09-12,Explicit music on family photos auto generated,"Google Photos automatically created a Featured Memory of my young child and selected a song with sexually suggestive lyrics about getting naked. There needs to be a Family Friendly/Explicit Lyrics filter for automatically generated Memories, particularly when the subjects are children.",question,false,yes
help_community,https://support.google.com/photos/thread/440357794/the-new-font-used-in-the-title-of-an-album-you-create-looks-cheap-and-unprofessional?hl=en,2026-09-09,The new font used in the title of an album you create looks cheap and unprofessional,It doesn't appear it can be altered unless someone here can tell me how,question,false,yes
help_community,https://support.google.com/photos/thread/466444527/album-transfer-from-icloud-to-google-photos?hl=en,2026-09-11,Album transfer from iCloud to Google photos,"I uploaded all my photos and videos from my old iPhone/iCloud to Google photos, but it didn't keep them in their albums. I tried to transfer using apple's data/privacy transfer request instead on 28th August. It said it would take 3-7 days. As of today (10th September) it's not happening. When I log on to my Apple account it just says 'processing' with no mention of any progress or any problems. I've checked I have sufficient storage space in both apple and Google accounts. Ive spoken to apple and they said to speak to Google as there's nothing more they can do from their end.",question,false,yes
help_community,https://support.google.com/photos/thread/468423221/how-can-i-transfer-my-entire-google-photos-library-to-another-google-account-without-downloading?hl=en,2026-09-18,How can I transfer my entire Google Photos library to another Google account without downloading.,"Hi, I have a Google account with a large Google Photos library containing approximately 13 GB of photos and videos. My storage on the original account is getting full, so I want to move the entire Google Photos library to another Google account that I also own. After confirming that everything has been transferred successfully, I want to delete the photos and videos from the original account to free up storage. I would like to do this directly through Google Photos, without downloading the 13 GB to my computer or phone and uploading everything again. My main requirements are: - Keep the original photo and video quality without additional compression. - Preserve the original capture dates/times and metadata as much as possible. - Transfer all photos and videos, including older content. - Ideally preserve albums and other Google Photos organization where possible. - Make sure videos, Motion Photos/Live Photos, and other supported formats are transferred correctly. - After the transfer is fully verified, I want to safely delete the originals from the old account. I have read about Partner Sharing â Save to your account and would like to know: 1. Is this the correct official Google method for effectively moving an entire library from one Google account to another? 2. If I save all shared photos to the new account, will they remain there permanently if I later stop Partner Sharing? 3. Can I then delete the photos from the original account without deleting the copies saved to the new account? 4. Will the original capture dates, metadata, quality, and file formats remain intact? 5. Are there any limitations regarding albums, favorites, Motion Photos/Live Photos, or videos? 6. Is there another official Google method that is better suited for a complete account-to-account migration? The goal is to move the entire 13 GB library from Account A to Account B without downloading the files locally, verify that everything is safely available in Account B, and then remove the originals from Account A. What is the safest and most complete official Google-supported way to do this?",question,false,yes
help_community,https://support.google.com/photos/thread/468432762/it-doesn-t-recognize-the-faces-automatically-i-have-to-do-it-manually-it-s-really-frustrating?hl=en,2026-09-19,It doesn't recognize the faces automatically i have to do it manually it's really frustrating,I beed help over face group,question,false,yes
help_community,https://support.google.com/photos/thread/468424008/deleted-video-find?hl=en,2026-09-18,Deleted video find,My files are deleted videos please find out,question,false,yes
help_community,https://support.google.com/photos/thread/466334701/i-ordered-a-couple-of-photos-and-they-were-supposed-to-go-to-the-walgreens-in-watsonville-california?hl=en,2026-09-11,I ordered a couple of photos and they were supposed to go to the Walgreens in watsonville California,I can't find a receipt with an order number to prove I ordered pictures though on my bank it says that I paid for them through Google photos,question,false,yes
help_community,https://support.google.com/photos/thread/468221897/strangely-linked-photos-with-a-recovery-account-email-filling-up-google-photos?hl=en,2026-09-18,Strangely linked photos with a recovery account email filling up Google photos,I have a recovery account with my wife through Google. Recently I started seeing her photos in my Google photos app. It has now filled up all my 15 GB of data. I have not shared anything with her through the sharing with a partner feature. Somehow all her photos are just in my Google photos. I've searched and have not found a solution. It's prompting me to buy data from Google but I was trying to figure out if that was a scam. I don't think it is because it's coming directly from my manager Google account area,question,false,yes
help_community,https://support.google.com/photos/thread/468410805/mujhe-mere-siquance-ke-hisab-se-face-group-set-karne-hai?hl=en,2026-09-18,Mujhe mere siquance ke hisab se face group set karne hai,Me meri photo face group ke 1st no. Ke hisab se chahata hu,question,false,yes
help_community,https://support.google.com/photos/thread/468398561/when-i-open-google-photos-app-it-shows-photos-backed-up-successfully-but-i-can-t-see-them-in-app?hl=en,2026-09-18,"When I open Google photos app ,it shows photos backed up successfully but I can't see them in app","When I open Google photos app,my photos are showing backed up successfully, but only some photos are visible there and most of the photos are missing there and I m unable to find them, i have gone through every possible way but still can't find all my photos. So kindly help me out in this regard.",question,false,yes
help_community,https://support.google.com/photos/thread/468342658/mera-purana-backup-nahin-hai-maine-bahut-step-try-kiya-gemini-help?hl=en,2026-09-18,Mera purana backup nahin Hai Maine bahut step try kiya Gemini help,Mujhe October 2025 ki backup chahie pahle tha per ab nahin mil raha hai to kya problem hai aap dekh sakte hain ki election mein date sal hua Kaun banaya per abe kab nahin Hai pahle ka abhi September tak hi hai 2026 please help MI,question,false,yes
help_community,https://support.google.com/photos/thread/468390761/how-to-search-and-delete-exact-duplicate-photos-and-videos?hl=en,2026-09-18,How to search and delete exact duplicate photos and videos,How to search and delete exact duplicate photos and videos,question,false,yes
help_community,https://support.google.com/photos/thread/468396134/lost-10-years-of-photos-on-google?hl=en,2026-09-18,Lost 10+ years of photos on google,"I had a gmail account with 10+ years of photos from my wife and my past phones.  So pretty much all my kids baby photos and them growing up.  Our company was purchased, they did not allow us to use gmail so I was not allowed to access that gmail account anymore. Prior to being locked out of it, I shared all of my photo albums to my new personal gmail address that I created.  Now, a few years later, google deleted my old account due to inactivity and with that all of the photos I had previously shared to my new gmail account are gone.  So I lost all of my kids photos and our past 12 years of life pictures.  Is there anyone at google that could help me get these photos back and under my new gmail account?",question,false,yes
help_community,https://support.google.com/photos/thread/468389605/my-new-infinix-phone-runs-android-15-and-xos-15-1-2-128-google-photos-locked-folder-shows-?hl=en,2026-09-18,My new Infinix phone runs Android 15 and XOS 15.1.2.128. Google Photos Locked Folder shows âThis fea,"My new Infinix phone runs Android 15 and XOS 15.1.2.128. Google Photos Locked Folder shows âThis feature isn't available on fully managed devices.â Device admin apps show no active apps, and there is no Work Profile. I have updated Google Photos, cleared cache, and restarted the phone. Why is my device detected as fully managed?",question,false,yes
help_community,https://support.google.com/photos/thread/468389946/where-is-my-screenshot-photos-i-need-help?hl=en,2026-09-20,Where is my screenshot photos I need help,Where is my screenshot photos,question,false,yes
help_community,https://support.google.com/photos/thread/466310721/transferring-your-facebook-photos-to-google-photos-but-keeping-the-time-stamp?hl=en,2026-09-11,Transferring your Facebook photos to Google photos but keeping the time stamp,"Hi, About 2 years ago I transferred my Facebook photos to Google Photos, but most of these images lost their time stamp, so they now appear on one day 2 years ago.  I've been painstakingly looking up the images on Facebook, and updating the metadata on Google Photos.  But it's taking forever. Is there a way to transfer these images and keep the meta data intact?",question,false,yes
help_community,https://support.google.com/photos/thread/466249473/is-there-a-way-to-stop-auto-adding-to-a-face-my-dog-passed-and-photos-not-of-her-keep-being-added?hl=en,2026-09-10,Is there a way to stop auto adding to a face? My dog passed and photos (not of her) keep being added,"I have tried to google solutions or settings and i've tried to look through my own settings and can't find anything. I've been manually removing the photos and adding them to a different pet face, but i'm not sure the AI is picking up on the change and 'learning' from it. the dogs are similar enough that i see the confusion but they are not the same breed or age, so i was hoping there would be some manual uplift and then it would start training itself, but that doesn't seem to be happening. I am hoping there's a way to 'lock' a face so no new photos can be applied to it. Thank you!",question,false,yes
help_community,https://support.google.com/photos/thread/461386570/album-icon?hl=en,2026-09-17,Album icon,"When viewing photos individually, there has always been an icon showing which album the photo was in. That icon is now gone, and I canât figure it out. Any help? Thanks",question,false,yes
help_community,https://support.google.com/photos/thread/467661316/a-crime-video-continues-to-come-up-as-video-memories-how-can-i-prevent-this-video-from-coming-up?hl=en,2026-09-16,A crime video continues to come up as video memories - how can I prevent this video from coming up,I have a crime video that continues to come up as video memories in google photos- how can I prevent this video from coming up as a past memory?   Only option I have to to shut off memories on google photos.,question,false,yes
help_community,https://support.google.com/photos/thread/463813865/transfer-data-from-icloud-to-google-photo?hl=en,2026-09-01,Transfer Data from Icloud to Google Photo,"I submitted a request to transfer my data from iCloud to Google Photos on August 18, 2026. However, the transfer has still not been completed, even though the estimated processing time is 3â7 days. I contacted Apple Support regarding this issue, and they advised me to contact Google Photos for further assistance. Has anyone experienced a similar issue with an iCloud to Google Photos transfer? Is there any way to check the transfer status or find out why it is taking longer than expected? Thank you!",question,false,yes
help_community,https://support.google.com/photos/thread/467627989/facial-identification-is-grouping-photographs-of-crowds-of-random-people?hl=en,2026-09-16,Facial identification is grouping photographs of crowds of random people,"While I've hitherto found the facial identification part of Google Photos really good, it's begun making groups of ""similar"" photos from what seem random photographs, particularly those with crowds in them, but also stupid stuff like faces on toys. It has also started doing the same for contacts. What's most annoying is that, when I remove the incorrect photos, it just goes ahead and adds them again. I'm attaching a screenshot of an example contact which is now entirely overrun with photos I took at a recent athletics meet and headed-up by an image taken from a meme screenshot. There are no photographs of my contact in his set.",question,false,yes
help_community,https://support.google.com/photos/thread/464446744/i-have-my-missing-photo-in-this-account?hl=en,2026-09-09,I have my missing photo in this account,"I lost my photo but don't know where they are,I tried to back up but still remain the same",question,false,yes
help_community,https://support.google.com/photos/thread/467328011/photos-have-been-backed-up-are-not-displayed?hl=en,2026-09-21,Photos have been backed up are not displayed,"So all of my photos haven been backed up and I can view them all perfectly fine via Google photos in a web browser but within the app it's shows the same random 10 photos in total. I've cleared the cache, uninstalled and reinstalled Google photos but it's doesnt change anything. When I used the search function in the app like a date, it does pull up all of those pictures but I just can't scroll through all my pictures in the main page, has anyone else had this issue and managed to fix it?",question,false,yes
help_community,https://support.google.com/photos/thread/467259488/select-all?hl=en,2026-09-21,Select all,I need a âSelect Allâ option and then the ability to delete all selected photos when I select photos from Search or Ask.,question,false,yes
help_community,https://support.google.com/photos/thread/467233790/is-there-a-way-i-can-download-a-copy-of-all-my-photos?hl=en,2026-09-21,is there a way i can download a copy of all my photos,"my google storage is full and i have been working to remove what i dont want to save. however google is finding the images and re-backing them up. i want to get everything off the drive so that i have a copy and then just purge it. i dont want to select 10,000 photos one by one as this will take a days to clear up and google is faster than me at finding crap to back up. i just want to Select all - dowload - delete and then i can work on figuring out what it is getting the files it is backing up from.",question,false,yes
help_community,https://support.google.com/photos/thread/467004204/screenshot-ho-raha-hai-lekin-gallery-ya-kuch-bhi-image-aap-me-photo-nahi-dikh-raha?hl=en,2026-09-20,Screenshot ho raha hai lekin gallery ya kuch bhi image aap me photo nahi dikh Raha,Screenshot ho raha hai lekin gallery ya kuch bhi image aap me photo nahi dikh Raha,question,false,yes
help_community,https://support.google.com/photos/thread/466652231/how-can-i-manually-add-a-photo-of-a-person-not-being-detected-by-google-photos?hl=en,2026-09-20,How can I manually add a photo of a person not being detected by Google photos,"When I go to my people collection there are multiple photos in my gallery that are not under a person. And it won't let me manually add those pictures. The ""can't find your picture"" feature does not work because even if you do find the picture, it won't let you add it to that person's collection. Do that's pointless. Some of these pictures are screenshots or were sent to be by text message.",question,false,yes
help_community,https://support.google.com/photos/thread/466855844/the-grid-size-is-getting-worse-with-every-new-update?hl=en,2026-09-20,The grid size is getting worse with every new update,In the last updates I'm struggling with the new grid layouts which I hate. Before all of this I had 5x grid and I need to choose between 3x or 6x. The problem is that on 3x photos are too big for me and in 6x they are too small wtf,question,false,yes
help_community,https://support.google.com/photos/thread/466761196/about-sorted-photos-document-is-unnecessary?hl=en,2026-09-20,About Sorted Photos/Document is Unnecessary,"Google photos automatically groups my uploaded photos and videos into groups or albums like Places, Things, Video, Animation ... etc. This is very very confusing and unnecessary. If product developers insist on keeping it at least put an option in setting somewhere to remove it or turn it off. Is there currently any way to remove them? If not give us a way to control it.",question,false,yes
help_community,https://support.google.com/photos/thread/466627532/arrange-people-photos-with-faces-all-photos?hl=en,2026-09-20,Arrange people photos with faces all photos,Please... Arrange people photos with faces all photos,question,false,yes
help_community,https://support.google.com/photos/thread/466734987/feature-request-i-want-to-be-able-search-within-an-album-only?hl=en,2026-09-20,Feature request: I want to be able search within an album only,"I have a lot of fashion related photos. Easily thousands. If I type ""pink and green"", it'll search EVERYTHING which are way too many photos. If I type the name of the album and pink and green, then I get 0 search results so it's not able to understand that I want to search within this album",question,false,yes
help_community,https://support.google.com/photos/thread/466514150/i-lost-all-the-face-i-named-even-mine?hl=en,2026-09-18,I lost all the face I named even mine,I've lost all the collections i groupd by face even mine as well & now when I try to add a name label again it says couldn't add face try again,question,false,yes
help_community,https://support.google.com/photos/thread/466331753/how-can-i-know-the-date-of-photo-taken-in-google-photo?hl=en,2026-09-17,How can I know the date of photo taken in Google Photo ?,How can I know the date of photo taken in Google Photo ?,question,false,yes
help_community,https://support.google.com/photos/thread/466231840/album-title-bad-font?hl=en,2026-09-16,Album Title Bad Font,Any idea how to change the album title font? Because i think this is too old fashioned. It don't match with my photos in the album,question,false,yes
help_community,https://support.google.com/photos/thread/465822309/why-are-screenshots-downloads-now-showing-in-my-camera-reel?hl=en,2026-09-15,Why are screenshots & downloads now showing in my camera reel?,"They never used to be there but now my camera reel is littered with screenshots, downloads & pics from WhatsApp messages. Why the heck would anyone want that? And how do fix it? All I can find (now that Google searches are basically just incorrect AI responses) is advice to turn off backups, which is not helpful at all because I want those folders backed up, I just don't want them duplicated in my photos and camera folder.",question,false,yes
help_community,https://support.google.com/photos/thread/465606005/how-to-remove-intrusive-music-from-all-curated-ai-albums-and-banner-suggestions?hl=en,2026-09-15,How to remove intrusive music from all curated AI albums and banner suggestions.,"For example the memories (and evert generated album in banner at top) automatically adds intrusive audio with no option to turn off. This needs to be a universal and easy to find off.  It ruins  video that has audio and is intrusive to the art we create for ourselves. If we want that feature it must be voluntary and clearly requested, never automatic.",question,false,yes
help_community,https://support.google.com/photos/thread/465379656/all-my-albums-created-over-years-are-gone?hl=en,2026-09-14,All my albums created over years are gone.,I can't find my albums,question,false,yes
help_community,https://support.google.com/photos/thread/465365203/4-across-grid-option-is-missing?hl=en,2026-09-13,4 across grid option is missing,"Since the latest update my 'grid' now has random massive photos and I seem to only be able to have 3 across or 5 across. It's horrible to look at, how do I change it back to a true 4 across grid?",question,false,yes
help_community,https://support.google.com/photos/thread/464871178/photos-not-visible-under-people-pets-folder-using-google-photos-collection-features?hl=en,2026-09-11,Photos not visible under people & pets folder using google photos collection features,Photos not visible under people & pets folder using google photos collection features. Checked all settings suggested by AI but did not helped.,question,false,yes
help_community,https://support.google.com/photos/thread/464817075/duplicate-folders-not-photo-albums?hl=en,2026-09-11,Duplicate folders (NOT photo albums),"There are multiple ""on this device"" folders for photos/videos coming from the same app (e.g., whatsapp images & whatsapp videos & whatsapp, or Twitter & X are separate folders). I can't merge them into a single folder because they're not albums. How do I merge the duplicate folders and prevent this from happening in the future",question,false,yes
help_community,https://support.google.com/photos/thread/464346570/after-image-processing-framing-gets-ghosted?hl=en,2026-09-10,After image processing framing gets ghosted,"Dear moto team, I find an issue on image processing. If the scenario is taking a photo on a movie theatre or a screen the photo gets ghosted after the image processing. But other portions are really appreciated expecially the image processing section exclude the problem I raise and i really love the aspect ratio setting in portrait mode because in my old phone moto edge 40 it's only have 3:4 ratio on potrait mode it a bit uncomfortable on some scenarios. But again I really love the aspect ratio setting in portrait mode on this moto edge 70 fusion thanks for that. And please resolve the issue I raised. Thank you",question,false,yes
help_community,https://support.google.com/photos/thread/464636219/google-photos-free-up-space-tool-did-not-warn-me-albums-would-be-destroyed-all-albums-lost-help?hl=en,2026-09-10,Google Photos Free up space tool did not warn me albums would be destroyed. All albums lost. HELP!!!,I'm extremely UPSET. I had very important work screenshots and family photos of deceased family members organized into specific albums and now the albums don't exist. WITHOUT WARNING!!! How could Google possibly think it's a good idea to offer you a tool to free up space but not warn you that your albums will be completely lost??? It took me years and years to develop these albums and organize them and now they're gone with no way to restore them. UNACCEPTABLE!!!,question,false,yes
help_community,https://support.google.com/photos/thread/464517476/how-do-i-filter-photos-that-aren-t-in-any-album?hl=en,2026-09-10,How do I filter photos that aren't in any album?,"I try to organize my photos into albums as much as possible to keep them tidy. I can access the albums and see the photos that belong to them, but I can't see the photos that I haven't added to any albums. I can add those to the appropriate albums as well.",question,false,yes
help_community,https://support.google.com/photos/thread/463858520/photos-not-uniform-size?hl=en,2026-09-08,Photos not uniform size,I used to be able to view my photos in a grid but now some of the photos are bigger. How can I change back to a strict grid view with a uniform photo size. I find the new version so ugly that I'm having to use a different app.,question,false,yes
help_community,https://support.google.com/photos/thread/462761413/i-want-to-filter-out-shared-photos-from-another-user?hl=en,2026-08-31,I want to filter out shared photos from another user,I have not found any settings that relate to this type of filtering.,question,false,yes
help_community,https://support.google.com/photos/thread/463471463/lack-of-photos-in-camera-gallery?hl=en,2026-09-06,Lack of photos in camera gallery,"All of my photos are in the main gallery but I go into the camera section and only a few pictures show. It only shows those few pictures when I go to post on Facebook and Instagram. I've reset my phone, updated my Facebook Instagram and photos, I re-backed up all of my photos, I did a factory reset and turned all of my permissios on so those apps have access to my photos. Why do only a few random photos show even though I've done everything to try to fix it",question,false,yes
help_community,https://support.google.com/photos/thread/463268321/search-google-photos-was-better-before-ai?hl=en,2026-09-05,Search Google photos was better before ai,"Google photo search used to be so much better. I could search for objects and photos, descriptions. Now I get no results a lot. The thing that still works is searching by date. I hate it.",question,false,yes
help_community,https://support.google.com/photos/thread/463071839/set-birthday-deathday-for-people-and-pets?hl=en,2026-09-04,Set Birthday/Deathday for people and pets,A clear failure of AI is when it tries to recognize the difference between pets and people who look the same but are clearly not because they didn't exist before or after a date range. Its honestly frustrating when Google photos gets easily confused between my current cats and a cat I grew up with 30+ years ago in my album. Simple dates would solve this problem.,question,false,yes
help_community,https://support.google.com/photos/thread/462675352/face-not-detected?hl=en,2026-09-03,Face not detected,Photos not Organization,question,false,yes
help_community,https://support.google.com/photos/thread/462447742/google-photos-album?hl=en,2026-09-02,Google Photos album,"Hi, my name is Justin and I work for the Boys And Girls Club. Iâm trying to create a shared album through Google Photos. I want there to be two links one that staff can use to put photos and edit them in another to send out to the parents that will only have them as viewers unfortunately, Iâm finding this very hard to do.",question,false,yes
help_community,https://support.google.com/photos/thread/461963780/i-accidentally-merged-the-wrong-people?hl=en,2026-08-31,I accidentally merged the wrong people,Canât figure out how to fix it,question,false,yes
help_community,https://support.google.com/photos/thread/461644929/save-photos-by-date?hl=en,2026-08-23,Save photos by date,How can I save the photos in my album by date,question,false,yes
help_community,https://support.google.com/photos/thread/460725840/i-want-to-identify-original-phone-details-date-and-location-from-which-this-photo-were-taken?hl=en,2026-08-27,"I want to identify original phone details, date and location from which this photo were taken.",I want to know that from which model phone this photo being captured with datecand location.,question,false,yes
help_community,https://support.google.com/photos/thread/460512012/automatic-albums-and-tags-without-consent?hl=en,2026-08-20,Automatic albums and tags without consent,"I never asked for or enabled any features for it (in fact I disable any similar features I find on purpose) but every photo I take gets some ""tag"" automatically shoved into it and is forcibly added to a set of ""automatic albums"" that I do not want and did not ask for. They are a blatant invasion of privacy since it is clearly going through my device by itself without permission and I want them gone. Permanently. How to disable the tags and the automatic albums?",question,false,yes
help_community,https://support.google.com/photos/thread/460198933/unable-to-see-other-photos-in-the-stack?hl=en,2026-08-26,Unable to see other photos in the stack,I'm able to see that an image is part of a photo stack but upon opening it the rest of the photos part of it aren't showing up at the bottom to browse through.,question,false,yes
help_community,https://support.google.com/photos/thread/460054169/why-are-my-screenshots-suddenly-grouped-by-month?hl=en,2026-08-25,Why are my screenshots suddenly grouped by month?,"I saw it happen, like it was a finger swipe I did accidentally, but I can't undo it. I need them to be grouped by date again.",question,false,yes
help_community,https://support.google.com/photos/thread/459744526/albums-within-albums?hl=en,2026-08-24,Albums within albums,"Is it possible to create sub-albums within a master album? This would make it easier to organise the photos for similar events, e.g. Birthdays over the years",question,false,yes
help_community,https://support.google.com/photos/thread/459888028/my-people-and-pets-albums-are-only-saving-videos-and-not-photos-is-there-a-way-to-fix-it?hl=en,2026-08-17,My people and pets albums are only saving videos and not photos. Is there a way to fix it?,My people and pets albums are only saving videos and not photos. It also won't show new photos in the albums. Is there a way to fix it?,question,false,yes
help_community,https://support.google.com/photos/thread/459793871/places-section-missing-from-collections-on-iphone?hl=en,2026-08-23,Places section missing from Collections on iPhone,"I would like to report a possible issue with Google Photos on my iPhone. The âPlacesâ section is missing from the âCollectionsâ tab, even though my photos contain location data and the map feature works. I can still open the map through âSettingsâ, âPrivacyâ, âLocation optionsâ, âPhotos with locationâ, but the normal âCollections to Placesâ entry is not available. Could you please verify if this is a bug or an account-specific issue? Thank you for your assistance.",question,false,yes
help_community,https://support.google.com/photos/thread/459451038/edited-image-is-hidden?hl=en,2026-08-16,Edited image is hidden,"I just took a series of photos in the stock Camera app, accessed one of them via the Photos app, rotated and cropped it, saved it, and now it has disappeared from view in: * Photos app main Photos view * Gallery app > Photos * Gallery app > Folders > Camera * Files app > Categories > Images It is only visible in: * Photos app > Collections > Camera * Photos app > Collections > On this device > Camera * Files app > Internal Storage > DCIM > Camera * Files app > Search > Newest date first The date and time of the edited photo continue to show correctly, and when I do a search in the Files app it shows up in the correct order, so it isn't a sorting issue. Finally, since beginning to type this, the Photos app has started showing it in the main Photos view again, after 20 minutes or so of not showing it, but it is still invisible in the other apps' views.",question,false,yes
help_community,https://support.google.com/photos/thread/459162587/where-is-the-photos-bin?hl=en,2026-08-21,Where is the photos bin?,"How do I access the Google Photos bin on my iPhone? It used to be obvious, but seems to have disappeared completely. Updates?ð",question,false,yes
help_community,https://support.google.com/photos/thread/458983008/photo-grid-display?hl=en,2026-08-13,Photo Grid Display,"My photos are displayed as mosaics, and not single photos. I tried clearing cache, disabling and enabling Photos app, restarting phone, selecting options to view by day and include date.",question,false,yes
help_community,https://support.google.com/photos/thread/458685567/photos-from-my-old-phone-have-transferred-in-a-big-jumble?hl=en,2026-08-13,Photos from my old phone have transferred  in a big jumble,Five years worth of photos from previous phone have transferred to new phone but don't appear in my camera gallery. Photos from even older phones i.e 2020 and before are there as are all new ones from late 2025. This seemed to happen after an update on Photos. Can this be corrected?,question,false,yes
help_community,https://support.google.com/photos/thread/457323748/location-not-working?hl=en,2026-08-12,Location not working,"When I try and type a location, nothing appears in the drop down. Any solutions on how to fix?",question,false,yes
help_community,https://support.google.com/photos/thread/458033265/my-photos-are-not-arranged-properly-they-are-mixed-other-dates-photo-are-appearing-onsome-other-date?hl=en,2026-08-16,My photos are not arranged properly they are mixed other dates photo are appearing onsome other date,"I have an issue with the ordering/display of my photos in Google Photos. The photos are appearing in the wrong sequence. For example, a photo that should appear from a particular date is showing in a different position, while another photo is appearing in its place.",question,false,yes
help_community,https://support.google.com/photos/thread/458364572/added-windows-desktop-photos-and-on-a-search-the-photo-file-path-shows-me-another-photo?hl=en,2026-08-18,Added windows desktop photos and on a search the photo file path shows me another photo.,"I uploaded all 4000 odd photos from Window desktop picture file to Google Photos. I wanted to check if I could locate the photos and if the photos from unopened folders within folders transferred. When checking using the file path name it displays another photo with the file path name. It seems the file path names are similar but all transposed. This only happened from some folders I have discovered. So the other part of the question is can I delete everything I uploaded yesterday (need to have a clear understanding so I don't delete anything else, had a quick try but just got 500 pictures) and I will instead upload folder by folder so that I can have the photos in the current storage system which is by either year or event or holiday or person/animal. I hadn't realised that the folders would not transfer over (I do now)",question,false,yes
help_community,https://support.google.com/photos/thread/458280830/in-the-photos-app-how-can-i-move-photos-from-a-folder-to-an-existing-album?hl=en,2026-08-11,"In the Photos app, how can I move photos from a folder to an existing album?",I can't find a way to move photographs from a folder to an existing Album in the Gemini Photos application. Can anyone offer me some help?,question,false,yes
help_community,https://support.google.com/photos/thread/458176932/feature-request-duplicate-photo-video-detection-and-smart-merging?hl=en,2026-08-16,Feature Request: Duplicate photo & video detection and smart merging,"### Feature Request: Duplicate Photo & Video Detection and Smart Merging Google Photos should provide an option to **detect and merge duplicate or identical photos and videos** that are stored multiple times. Many users have the same photo or video saved in their storage more than once, which unnecessarily consumes storage space. The feature should work as follows: 1. **Automatically detect duplicates** Google Photos should scan the user's library and identify identical or highly similar photos and videos. 2. **Show duplicate groups** Users should be able to see all duplicate copies grouped together and review them before making any changes. 3. **Let the user choose which copy to keep** The user should have the option to select the photo/video they want to keep. 4. **Preserve the original/first-added date** When multiple copies of the same photo or video are merged, the system should keep the **date and time of the first time that photo/video was originally added to Google Photos**. 5. **Remove unnecessary duplicate copies** After the user confirms, all unwanted duplicate copies should be removed, while the selected copy remains safely stored. 6. **Preserve important information** The original date, location, albums, captions, and other relevant metadata should be preserved wherever possible. 7. **Storage-saving information** Google Photos should show the user how much storage space can be recovered by removing duplicates. ### Example If the same photo exists **5 times**, Google Photos should recognize that they are duplicates and show them as one group. The user can select the best copy to keep. After confirmation, the other 4 copies can be removed. The remaining photo should retain the **original date/time from when the photo was first added**, rather than changing to the date of the most recently uploaded copy. This feature would be extremely useful for users with large photo and video libraries because duplicate files can consume a significant amount of storage unnecessarily.",question,false,yes
help_community,https://support.google.com/photos/thread/458215637/duplicate-pictures-when-edited-in-google-photos?hl=en,2026-08-10,Duplicate pictures when edited in Google Photos,"When I edit a photo on my phone, even if I choose ""save"" instead of ""save as copy"", after a short while a duplicate appears. The duplicate bears the exact same file name, size, and both are backed up. Despite its appearance, there is only one true file, and deleting the wrong version will wipe both copies. I have lost countless photos to this glitch. As you can see in the screenshot there are identical photos duplicated 3, 4 times. This problem seems to be exacerbated when photos are shared to albums or shared albums. Please help. I am at my wit's end.",question,false,yes
help_community,https://support.google.com/photos/thread/458126485/why-don-t-my-screenshots-go-to-my-camera-roll?hl=en,2026-08-16,Why don't my screenshots go to my camera roll,I already tried going to Google photos - preferences - photo view- them show content from other apps are in and content from other app switches are like only show backed up content and hide clutter is off. I also tried clearing the cache and trying again. None of this is working and this is a very annoying thing you would have to deal with if it doesn't go to your camera roll. If someone could help me it would be very much appreciated.,question,false,yes
help_community,https://support.google.com/photos/thread/457933685/i-have-backed-up-more-than-30000-photos-but-i-am-unable-to-see-them-in-collections-by-people?hl=en,2026-08-08,I have backed up more than 30000 photos but i am unable to see them in collections by people.,I have backed up more than 30000 photos but i am unable to see them in collections by people.,question,false,yes
help_community,https://support.google.com/photos/thread/457889721/i?hl=en,2026-08-15,Iâd like to view all my albums/collections in chronological order,"I ask Google to show me all the albums created in 2026, for example. But I have to repeat the request each time I go back.",question,false,yes
help_community,https://support.google.com/photos/thread/457669464/messing-about-with-my-gallery?hl=en,2026-08-14,Messing about with my gallery,I like to store my photos all in the same dimensions. Without me taking any action I keep finding photos have been selected to enlarge them. I have tried 'help' but responses do not deal with my requirements. Any ideas?,question,false,yes
help_community,https://support.google.com/photos/thread/457662234/pictures-marked-as-favorite-keep-being-unfavored?hl=en,2026-08-07,Pictures marked as favorite keep being unfavored,"Pictures I have marked as favorite, starred, keep being unfavored. I'm assuming this is happening during or after a photos update.",question,false,yes
help_community,https://support.google.com/photos/thread/457424484/cannot-suppress-automatic-thumbnail-sizing?hl=en,2026-08-06,Cannot suppress automatic thumbnail sizing,It is very difficult to search specific photo in a very long list,question,false,yes
help_community,https://support.google.com/photos/thread/457395569/access-albums?hl=en,2026-08-12,Access albums,On my photos home page I don't see a way to access my albums. How do I do yhat? This seems like it should be a slam-dunk. Why isn't it?,question,false,yes
help_community,https://support.google.com/photos/thread/457497492/how-do-you-mark-photos-as-favorite?hl=en,2026-08-13,How do you mark photos as favorite?,Make favorite photos I've tried finding out through help. It tells you everything you can do with a favorite photo but it doesn't tell you how to make a favorite photo,question,false,yes
help_community,https://support.google.com/photos/thread/457477702/unable-to-find-my-album-lost-after-accepting-meta-ai-photo?hl=en,2026-08-07,Unable to find my album. Lost after accepting meta ai photo,I am unable to see my album.,question,false,yes
help_community,https://support.google.com/photos/thread/457463535/my-many-photos-has-been-automatically-deleted-i-want-that-back-plzz-i-have-not-deleted-that-photos?hl=en,2026-08-12,My many photos has been automatically deleted I want that back plzz. I have not deleted that photos.,I have saved many photos in this google account but many of my photos has been deleted automatically from 23 may 2023 and many photos from other date. It is deleted by Google account itself. Without my permission. I want all my deleted photos back,question,false,yes
help_community,https://support.google.com/photos/thread/457312783/live-album-full?hl=en,2026-08-12,Live album full,"I have run into an issue where I have reached the 20k image limit on a live album of my children which is shared with my family. I would like up create a new album which auto-populates new photos of my kids but when I set up the facial recognition, the album populates with every past photo - thus reaching the 20k limit immediately. Question: is there a work around that doesn't involve manually populating a new album? Can I set a commencement date in the new album?",question,false,yes
help_community,https://support.google.com/photos/thread/457318267/why-are-screenshots-getting-saved-under-camera-folder-sometimes?hl=en,2026-08-07,why are screenshots getting saved under Camera folder sometimes?,I couldn't find a way to fix it. I am using a Samsung M56. I see that my screenshots are divided into two probably three sections. I find some under Camera folder and there are I think two folders named Screenshots not having the same content. Can't understand what's causing this.,question,false,yes
help_community,https://support.google.com/photos/thread/457186893/faces-in-the-new-pictures-don-t-get-recognized-anymore?hl=en,2026-08-04,faces in the new pictures don't get recognized anymore,Google photos used to group pictures based on who is in the picture but now it doesn't add or recognize any faces at all.,question,false,yes
help_community,https://support.google.com/photos/thread/457141308/photos-are-stuck-in-comfortable-layout-no-matter-what-i-do?hl=en,2026-08-11,Photos are stuck in comfortable layout no matter what I do,"This new update is gonna kill me I swear. My layout is selected as Month, but ever since this godforsaken update some pictures are still bigger no matter what I do. Give me back my neat little square layout.",question,false,yes
help_community,https://support.google.com/photos/thread/457023280/is-there-any-way-to-make-a-folder-and-drop-photos-in-it-on-my-phone-from-my-camera-screenshots-etc?hl=en,2026-08-11,"Is there any way to make a folder and drop photos in it on my phone? From my camera, screenshots etc",I can't find any way to make a folder. My phone makes folders but I don't have that option.,question,false,yes
help_community,https://support.google.com/photos/thread/456570602/unhide-a-hidden-face-from-before-updates?hl=en,2026-08-09,Unhide a hidden face from before updates,"About 2yrs ago, I hide a face from collections, and now want to unhide it. But they don't show up under blocked anymore, I assume because of an interim update.",question,false,yes
help_community,https://support.google.com/photos/thread/456600178/missing-videos-from-photos?hl=en,2026-08-03,MISSING VIDEOS FROM PHOTOS,"I recently logged on to google photos from my iPhone to revisit a festival I went to in July 2024. All the photos of that time are there but not the videos. Videos from August and June of same year are there. I took the videos on a samsung but have since migrated to iPhone, but I know I've seen them on google photos before and never moved them to iCloud, but now just the videos are gone.  Even a folder i created with edited versions of the photos (meant for instagram posts) has no videos there either. I know backup was turned on because they've been accessible for years after i switched to iPhone (and a lot still is). Someone please help me recover them.",question,false,yes
help_community,https://support.google.com/photos/thread/456421546/my-albums-seem-to-have-moved?hl=en,2026-08-08,My albums seem to have moved.,"My albums were stored chronologically, not by title, and they all seem to have moved. Can I restore them to where they were before?",question,false,yes
help_community,https://support.google.com/photos/thread/443626133/upload-albums-from-android-gallery?hl=en,2026-08-31,Upload albums from Android gallery,"I want to upload the album as an album, not just the individual photos, but I can't find a way to do that from my Android phone. Can anyone help?",question,false,yes
help_community,https://support.google.com/photos/thread/456192449/the-photo-is-not-dated-properly-able-to-see-it-in-large-photos-and-files-but-not-in-the-albums?hl=en,2026-08-08,The photo is not dated properly. Able to see it in large photos and files. But not in the albums.,So this photo was downloaded in 2025. But it is shown as 2018. Where do I find it in the albums?,question,false,yes
help_community,https://support.google.com/photos/thread/456232307/people-and-pets-isn-t-working?hl=en,2026-07-31,People and pets isn't working,"It's made duplicate folders of the same people and won't allow me to merge. It has stopped organising people - some people it hasnt organised at all, but it has made many folders of random people in the background of photos. No merge prompt appears even when naming folders the same name. I'm unable to edit or add face labels to any photos. Some groups also have no profile photos.",question,false,yes
help_community,https://support.google.com/photos/thread/456141693/i-don-t-like-how-my-photos-and-videos-arranged-since-i-updated-such-problem-occured?hl=en,2026-08-07,I don't like how my photos and videos arranged..  since I updated such problem occured,I want my photos and videos to be arranged good if it's 4 by 4 it's okay I don't like that arrangement Since I updated such problem occured,question,false,yes
help_community,https://support.google.com/photos/thread/455664859/download-shared-photos-from-other-contributors?hl=en,2026-08-07,download shared photos from other contributors,"I have several shared albums with multiple people contributing photos. I have ""saved"" them all to my personal Google Photos acccount. I have made new albums with these photos including the ones from others. I request to download all, it downloads as a Google Takeout. I have tried so many different ways but the download ONLY gives me my personal photos. I want to download the OTHER photos contributed to the album. Why is this so difficult?",question,false,yes
help_community,https://support.google.com/photos/thread/455808532/can-no-longer-see-photo-file-names-in-the-google-photo-app?hl=en,2026-08-07,Can no longer see photo file names in the Google photo app,"It's only become a problem recently. I used to be able to see file names. I think it's got something to do with an update. Most of the time it doesn't matter too much, but occasionally it becomes a royal pain.",question,false,yes
help_community,https://support.google.com/photos/thread/455412907/moving-photos-to-an-album?hl=en,2026-07-29,Moving photos to an album,"Google photos manual says: ""How to Add Photos to an Album Correctly Select Photos: Tap and hold down on the first photo until a checkmark appears, then tap any other photos you want to add."" You cannot slide your finger to choose multiple photos to put them into an album anymore. You tap one photo and then the second one and the third one... for example 100 times. What has happend? I use an Android tablet and telephone.",question,false,yes
help_community,https://support.google.com/photos/thread/455461769/merged-google-photo-accounts?hl=en,2026-08-05,Merged Google Photo accounts,"I have 2 Google accounts, one personal and one for my business.  We use Google photos for both.  Recently, without my knowledge or intention, both Google Photo collections started showing up on my phone Google photo app (Google Pixel).  I don't believe that I did anything to enable this, cause nothing else has changed recently.  Can you help me fix this?  I don't want my business photos showing up in my personal photos collection. Thanks!",question,false,yes
help_community,https://support.google.com/photos/thread/455460020/update-new-option-to-turn-photo-grid-dates-on-and-off?hl=en,2026-07-31,Update: New option to turn photo grid dates on and off,"Hi everyone, Your Google Photos main view is designed to help you easily navigate your timeline of photos and videos. However, we understand that everyone organizes their memories differently. Thanks to your feedback, we're introducing a new setting that gives you more control by letting you toggle the photo grid dates on and off. If you would like to adjust this setting on your Android or iOS device, you can follow these steps: Open the Google Photos app. On the top right, select your Profile photo or Initials. Select Photos settings > Preferences > Photos view. Turn on or off Show dates in grid. To learn more about customizing and organizing your gallery, check out our Help Center article here . Once again, thank you for helping us improve Google Photos! Best, The Google Photos Team",question,false,yes
help_community,https://support.google.com/photos/thread/455277946/pictures-not-visible?hl=en,2026-08-04,Pictures not visible,Some of my photos aren't visible when I normally scroll on the app... There are a few photos of a certain date that I was looking for but I didn't remember the year so I was scrolling on the app based on the month as I would normally do for any pic. But I couldn't find it at all. Thankfully I remembered the date so I put it on the search bar in the app and bam! The photos were there. So I tried searching for them again normally by scrolling and I still couldn't find it.... I don't understand why this is happening and I can only assume there must be several other photos that I don't know if that I can't see normally scrolling through the app.... Someone please help why is this happening,question,false,yes
help_community,https://support.google.com/photos/thread/455065903/reorganize?hl=en,2026-08-04,Reorganize,How do I reorganize my photos back to displaying by date rather than random folders organized by Google photos?,question,false,yes
help_community,https://support.google.com/photos/thread/455041911/reorganize?hl=en,2026-07-27,Reorganize,How do I need organize back to displaying all photos by date? I'm not pleased with Google putting all of my pictures in discord folders.,question,false,yes
help_community,https://support.google.com/photos/thread/454745847/hi-team-i-am-suddenly-getting-automatic-prompts-or-requests-to-record-my-screen-or-take-a-screenshot?hl=en,2026-08-03,"Hi Team,I am suddenly getting automatic prompts or requests to record my screen or take a screenshot","Explain the problem (à¦¦à§à¦¬à¦¿à¦¤à§à§ à¦¬à¦à§à¦¸):Hi Team,I am suddenly getting automatic prompts or requests to record my screen or take a screenshot video, even though I didn't initiate or request it myself. I am worried about my privacy and security. Please let me know why this is happening and how I can stop these unauthorized requests. Thank you",question,false,yes
help_community,https://support.google.com/photos/thread/453738447/why-are-my-photos-showing-up-on-my-phone?hl=en,2026-07-31,Why are my photos showing up on my phone?,I'm noticing photos in an online Photos album I made are showing up on my phone. How can I make this not happen? I put photos in the album but I don't need them to be on my phone.,question,false,yes
help_community,https://support.google.com/photos/thread/454688258/wrong-count-my-photos?hl=en,2026-07-27,Wrong count my photos,In location there's 900 plus photograph but it shows in 234 bhubaneswar location,question,false,yes
help_community,https://support.google.com/photos/thread/454315313/photos-are-now-organized-by-months-instead-of-dates-days?hl=en,2026-08-01,Photos are now organized by months instead of dates/days,"The photos/videos used to be shown and organized by sections of each day and date, then when u scroll you would see the months indication on the side bar during the scrolling. About a week ago suddenly all the UI changed (I don't recall any update in the app but maybe I didn't notice) and he photos are now organized by months which means ALL of my July photos are not separated. I need the previous AI please ð¥º Help anyone?",question,false,yes
help_community,https://support.google.com/photos/thread/450997038/revert-photo-layout-to-even-grid?hl=en,2026-07-22,Revert Photo Layout to Even Grid,"I updated my photos app and now some photos are 4-6 times larger than other photos in the layout, making it absolutely impossible to navigate through my photos as usual at a glance. I do not want a single photo spotlighted, I would like all my photos on an even grid for easy navigation. How do I revert this? I absolutely hate this change, and if it canât be reverted, I seriously am considering cancelling my Google subscription at this point, because all I use it for is photos anyway.",question,false,yes
help_community,https://support.google.com/photos/thread/454003927/personal-email-and-student-email-doing-things-i-don-t-want?hl=en,2026-08-01,Personal email and student email doing things i don't want,"I don't want my student email and personal email sharing photos, downloads videos with eachother, it's a problem on Discord, Whatsapp, regular screenshots and picture/video taking with my camera.  I. Don't. Want. Them. Mixing.",question,false,yes
help_community,https://support.google.com/photos/thread/453721132/photo-group-defaults-to-raw-file-version-which-makes-looking-at-photos-slow-to-load?hl=en,2026-07-31,Photo group defaults to RAW file version which makes looking at photos slow to load,"something that is happening in the latest update, when i preview a photo it goes to load the RAW one first which takse a few seconds to load.  This means every photo i look at i have to wait a few seconds.  How do i make it back to the way it worked before, where the photo was defaulted to the jpg?",question,false,yes
help_community,https://support.google.com/photos/thread/454003108/my-backed-up-photos-grid-is-all-confusing-i-don-t-know-how-to-change-it-back-to-neat-rows-of-four?hl=en,2026-07-31,"My backed up photos grid is all confusing, I don't know how to change it back to neat rows of four",I hate how my backed up photos grid has my photos laid out now. Some are large and some are small and it makes the dates super confusing. I need to switch back to the neat rows of four grid that i had before but i cant find out how to change it.,question,false,yes
help_community,https://support.google.com/photos/thread/454021043/i-m-trying-to-move-my-videos-from-google-photo-locked-album-to-my-gallery-it-s-not-allowing-me?hl=en,2026-07-31,I'm trying to move my videos from Google photo locked album to my gallery it's not allowing me,Unable to access my videos I want it move my videos to gallery and it's not allowing me even when I try to add them on a new folder it's not working the deleting also it's not working nothing works but I want to move them to my gallary,question,false,yes
help_community,https://support.google.com/photos/thread/453953570/in-photo-tab-i-don-t-see-my-backup-photo-manual-i-have-to-go-search-by-face-name-place?hl=en,2026-07-31,"In photo tab i don't see my backup photo, manual I have to go search by face ,name,place.","Plz return my photo tab feature,, I don't see my backup photo in photo tab ,I am facing problem in finding photos",question,false,yes
help_community,https://support.google.com/photos/thread/453764310/name-people-doesn-t-work-in-drop-down-function?hl=en,2026-07-23,Name people doesn't work in drop down function,"Name assignment, in add more people doesn't work.",question,false,yes
help_community,https://support.google.com/photos/thread/453705556/how-do-i-move-photos-within-an-album-to-show-a-time-sequence-for-a-series-of-photos-over-days?hl=en,2026-07-31,How do I move photos within an album to show a time sequence for a series of photos over days,I want to move photos around within an album to show a scene changing over time.  I can not seem to move photos by dragging them to a new position within the album,question,false,yes
help_community,https://support.google.com/photos/thread/453580630/face-tags-unlinked?hl=en,2026-07-31,Face tags unlinked,It appears that the names assigned to individuals in Google Photos are no longer visible after the associated Google account email address was changed. Could you please provide guidance on how to recover or restore these face tags?,question,false,yes
help_community,https://support.google.com/photos/thread/450526571/no-privacy-protection?hl=en,2026-09-21,No privacy protection,I Got to know that Google are providing fake assurance of Privacy protection in photos. In a currently circulating youtube video it says that Google has a system to detect the Suspicious photos and report them to authorities. My only objection is that you have to inform this thing before to prevent privacy breach. If that's the case i will be shift to iphone and also tell everyone to do the same,question,false,yes
help_community,https://support.google.com/photos/thread/453440923/names-deleted?hl=en,2026-07-22,Names deleted,"Hello, .... so my issue is that I had almost everyone labeled in my google photos under people folder and then one day all of my work undone and now noone is labeled. Also, it isn't recognizing the same people and grouping them.",question,false,yes
help_community,https://support.google.com/photos/thread/453354845/picture-not-seen-in-feed-seen-when-searched?hl=en,2026-07-21,Picture not seen in feed seen when searched,If I search for a date for example 01/03/2022 I will find certain pictures. But if I scroll down to  that date I find nothing,question,false,yes
help_community,https://support.google.com/photos/thread/453204929/it-won-t-let-me-merge-people-who-are-the-same?hl=en,2026-07-28,It won't let me merge people who are the same,I'm the people face groups it's not letting me merge people who are the same.,question,false,yes
help_community,https://support.google.com/photos/thread/453070454/i-need-to-transfer-pictures-from-album-on-hard-drive-to-album-on-sd-card?hl=en,2026-07-28,I need to transfer pictures from album on hard drive to album on sd card,"I have been able to move pictures about from one album to other albums without any problems what so ever. Now all of a sudden l keep getting ""problem moving 1 item "" it will let me move it to any other albums except the three i need.   What is going wrong?",question,false,yes
help_community,https://support.google.com/photos/thread/453188141/photo-icons-different-sizes?hl=en,2026-07-28,Photo icons different sizes,"This is not a feature! Google photos deciding which photos should be larger and which should be the size they've always been. I can't stand this! I have tried switching to day and to month and neither function will give me the photos the same size, all of them. I just want the regular sized icons that were all the same size from before the update!",question,false,yes
help_community,https://support.google.com/photos/thread/453034702/person-albums?hl=en,2026-07-27,Person albums,They have different albums of the same person and I want to know how to get them together.,question,false,yes
help_community,https://support.google.com/photos/thread/452971774/how-to-revert-back-to-previous-versions-of-photos-before-automatic-grid-presentation-and-white-halo?hl=en,2026-07-27,How to revert back to previous versions of photos before automatic grid presentation and white halo?,"It seems like with every update this app gets sloppier. New version of Photos looks cheap with the way they decide to display your photos, where instead of a neat presentation of squares, it puts some photos smack dab in the middle depending on its aspect ratio, hogging the screen. The update before that wasn't much better, where now if you view a photo for a period of time, an annoying halo circles the subjects in the picture as if we can't see it. How would one revert back to previous versions of Photos before this slop? Thanks.",question,false,yes
